,strain,tip_HA1_muts,tip_HA2_muts,tip_SigPep_muts,date,clade,160,194,186,225,219,203,156,138,passage,source,circulating160,circulating194,circulating186,circulating225,circulating219,circulating203,circulating156,circulating138,mut160,mut194,mut186,mut225,mut219,mut203,mut156,mut138
2,A/Acores/SU43/2012-egg,[],[],[u'A16T'],2012.848733744011,unassigned,K,L,S,G,S,T,K,A,egg,A/Acores/SU43/2012,K,L,S,G,S,T,K,A,0,0,0,0,0,0,0,0
21,A/Alaska/22/2012-egg,[u'L194P'],[u'V18M'],[],2012.7501711156742,unassigned,K,P,S,G,S,T,K,A,egg,A/Alaska/22/2012,K,L,S,G,S,T,K,A,0,1,0,0,0,0,0,0
23,A/Alaska/232/2015-egg,[u'F193Y'],[],[],2015.6872005475702,A1,K,P,S,D,S,T,K,S,egg,A/Alaska/232/2015,T,L,S,D,S,T,K,A,1,1,0,0,0,0,0,1
27,A/Alaska/4/2012-egg,"[u'G186V', u'N246S', u'K264N']",[],[],2012.3668720054757,3c,K,L,V,G,S,T,K,A,egg,A/Alaska/4/2012,K,L,S,G,S,T,K,A,0,0,1,0,0,0,0,0
29,A/Alaska/5/2010-egg,"[u'H156Q', u'G186V', u'S219F']",[],[],2010.6105407255304,unassigned,K,L,V,G,F,T,Q,A,egg,A/Alaska/5/2010,K,L,S,G,S,T,K,A,0,0,1,0,1,0,1,0
45,A/Almaty/2958/2013-egg,"[u'I140K', u'G186V', u'S219F']",[],[],2013.0711841204654,3c3,K,L,V,G,F,T,K,A,egg,A/Almaty/2958/2013,K,L,S,G,S,T,K,A,0,0,1,0,1,0,0,0
46,A/Almaty/3277/2012-egg,[],[],[],2012.0,3c,K,L,S,G,S,T,K,A,egg,A/Almaty/3277/2012,K,L,S,G,S,T,K,A,0,0,0,0,0,0,0,0
58,A/Antananarivo/1067/2016-egg,"[u'T160K', u'G186V', u'S219F', u'I226S']",[],[],2016.2600958247776,A1,K,L,V,D,F,T,K,A,egg,A/Antananarivo/1067/2016,T,L,S,D,S,T,K,A,1,0,1,0,1,0,0,0
70,A/Arizona/13/2010-egg,[u'L194P'],[],[],2010.9281314168377,unassigned,K,P,S,G,S,T,K,A,egg,A/Arizona/13/2010,K,L,S,G,S,T,K,A,0,1,0,0,0,0,0,0
72,A/Arizona/17/2013-egg,"[u'G186V', u'S219F']",[],[],2013.9171800136892,3c3,K,L,V,G,F,T,K,A,egg,A/Arizona/17/2013,K,L,S,G,S,T,K,A,0,0,1,0,1,0,0,0
78,A/Arkansas/13/2013-egg,[u'G186V'],[],[],2013.6187542778919,3c3,K,L,V,G,S,T,K,A,egg,A/Arkansas/13/2013,K,L,S,G,S,T,K,A,0,0,1,0,0,0,0,0
89,A/AthensGR/14/2013-egg,"[u'L194P', u'T203R']",[],[],2013.021902806297,3c3,K,P,S,G,S,R,K,A,egg,A/AthensGR/14/2013,K,L,S,G,S,T,K,A,0,1,0,0,0,1,0,0
91,A/AthensGR/59/2012-egg,[],[],[],2012.060232717317,unassigned,K,L,S,G,S,T,K,A,egg,A/AthensGR/59/2012,K,L,S,G,S,T,K,A,0,0,0,0,0,0,0,0
94,A/Auckland/10/2015-egg,[u'L194P'],[],[],2015.5338809034909,3c2.A,T,P,S,D,S,T,K,A,egg,A/Auckland/10/2015,T,L,S,D,S,T,K,A,0,1,0,0,0,0,0,0
97,A/Auckland/21/2013-egg,"[u'H156R', u'G186V', u'S219F']",[],[],2013.5968514715948,3c3,K,L,V,G,F,T,R,A,egg,A/Auckland/21/2013,K,L,S,G,S,T,K,A,0,0,1,0,1,0,1,0
102,A/Austria/64/2011-egg,[],[],[],2011.104038329911,unassigned,K,L,S,G,S,T,K,A,egg,A/Austria/64/2011,K,L,S,G,S,T,K,A,0,0,0,0,0,0,0,0
155,A/Bangladesh/5014/2009-egg,[],[],[],2009.37234770705,unassigned,K,L,V,G,S,T,Q,A,egg,A/Bangladesh/5014/2009,K,L,S,G,S,T,K,A,0,0,1,0,0,0,1,0
166,A/Bangladesh/9269/2013-egg,"[u'S145N', u'L194P']",[],[],2013.3586584531142,3c,R,P,S,G,S,T,K,A,egg,A/Bangladesh/9269/2013,K,L,S,G,S,T,K,A,1,1,0,0,0,0,0,0
192,A/Berlin/93/2011-egg,"[u'H156R', u'G186S']",[u'I193T'],[],2011.501026694045,3c,K,L,S,G,S,T,R,A,egg,A/Berlin/93/2011,K,L,S,G,S,T,K,A,0,0,0,0,0,0,1,0
207,A/Brisbane/1/2012-egg,[u'G186V'],[],[],2012.0136892539356,3c,K,L,V,G,S,T,K,A,egg,A/Brisbane/1/2012,K,L,S,G,S,T,K,A,0,0,1,0,0,0,0,0
208,A/Brisbane/1/2013-egg,"[u'S219F', u'I226S']",[],[u'C12Y'],2013.0054757015744,3c,K,L,V,G,F,T,K,A,egg,A/Brisbane/1/2013,K,L,S,G,S,T,K,A,0,0,1,0,1,0,0,0
211,A/Brisbane/1/2018-egg,[],[],[],2018.002737850787,A2/re,K,P,S,D,S,T,K,A,egg,A/Brisbane/1/2018,T,L,S,D,S,T,K,A,1,1,0,0,0,0,0,0
213,A/Brisbane/10/2008-egg,[],[],[],2008.1478439425052,unassigned,K,L,V,G,S,T,Q,A,egg,A/Brisbane/10/2008,K,L,S,G,S,T,K,A,0,0,1,0,0,0,1,0
219,A/Brisbane/11/2010-egg,"[u'L194P', u'V309I']",[],[],2010.3969883641341,unassigned,K,P,S,G,S,T,K,A,egg,A/Brisbane/11/2010,K,L,S,G,S,T,K,A,0,1,0,0,0,0,0,0
224,A/Brisbane/174/2015-egg,"[u'T167A', u'L194P', u'T203I']",[],[u'I10T'],2015.6817248459959,3c2.A,T,P,S,D,S,I,K,A,egg,A/Brisbane/174/2015,T,L,S,D,S,T,K,A,0,1,0,0,0,1,0,0
226,A/Brisbane/183/2015-egg,"[u'A138S', u'L194P']",[],[],2015.7802874743327,3c2.A,K,P,S,D,S,T,K,S,egg,A/Brisbane/183/2015,T,L,S,D,S,T,K,A,1,1,0,0,0,0,0,1
231,A/Brisbane/198/2013-egg,[],[],[],2013.8459958932237,3c,K,P,S,G,S,T,K,A,egg,A/Brisbane/198/2013,K,L,S,G,S,T,K,A,0,1,0,0,0,0,0,0
237,A/Brisbane/210/2010-egg,"[u'G186V', u'S219Y']",[],[],2010.6297056810404,unassigned,K,L,V,G,Y,T,K,A,egg,A/Brisbane/210/2010,K,L,S,G,S,T,K,A,0,0,1,0,1,0,0,0
241,A/Brisbane/220/2010-egg,[],[],[],2010.6872005475702,unassigned,K,L,S,G,S,T,K,A,egg,A/Brisbane/220/2010,K,L,S,G,S,T,K,A,0,0,0,0,0,0,0,0
245,A/Brisbane/24/2008-egg,[],[],[],2008.476386036961,unassigned,K,L,V,G,S,T,K,S,egg,A/Brisbane/24/2008,K,L,S,G,S,T,K,A,0,0,1,0,0,0,0,1
248,A/Brisbane/299/2011-egg,[u'H183L'],[],[],2011.6132785763175,unassigned,K,L,S,G,S,T,K,A,egg,A/Brisbane/299/2011,K,L,S,G,S,T,K,A,0,0,0,0,0,0,0,0
253,A/Brisbane/321/2016-egg,"[u'T160K', u'L194P']",[],[],2016.9664613278576,A2,K,P,S,D,S,T,K,A,egg,A/Brisbane/321/2016,T,L,S,D,S,T,K,A,1,1,0,0,0,0,0,0
256,A/Brisbane/341/2014-egg,[u'T203I'],[],[],2014.7529089664613,3c2.A,K,P,S,D,S,I,K,A,egg,A/Brisbane/341/2014,T,L,S,D,S,T,K,A,1,1,0,0,0,1,0,0
260,A/Brisbane/4/2017-egg,[],[],[u'A16T'],2017.021902806297,3c3.A,K,L,S,D,S,T,K,S,egg,A/Brisbane/4/2017,K,L,S,D,S,T,K,S,0,0,0,0,0,0,0,0
264,A/Brisbane/53/2009-egg,[],[],[],2009.3203285420946,unassigned,K,L,S,G,S,T,K,A,egg,A/Brisbane/53/2009,K,L,S,G,S,T,K,A,0,0,0,0,0,0,0,0
266,A/Brisbane/54/2009-egg,[],[],[],2009.3449691991786,unassigned,K,P,S,G,S,T,K,A,egg,A/Brisbane/54/2009,K,L,S,G,S,T,K,A,0,1,0,0,0,0,0,0
287,A/Cairo/51/2012-egg,[],[u'F196L'],[],2012.930869267625,3c,K,L,S,G,S,T,K,A,egg,A/Cairo/51/2012,K,L,S,G,S,T,K,A,0,0,0,0,0,0,0,0
292,A/California/61/2013-egg,"[u'G186V', u'I217V', u'S219Y']",[],[],2013.8213552361397,3c3,K,L,V,G,Y,T,K,A,egg,A/California/61/2013,K,L,S,G,S,T,K,A,0,0,1,0,1,0,0,0
340,A/Canberra/2/2014-egg,"[u'H156Q', u'G186V']",[],[],2014.060232717317,3c3,K,L,V,G,S,T,Q,A,egg,A/Canberra/2/2014,K,L,S,G,S,T,K,A,0,0,1,0,0,0,1,0
344,A/Canberra/82/2014-egg,[u'A304P'],[u'K82R'],[],2014.577686516085,3c2.A,K,P,S,G,S,T,K,A,egg,A/Canberra/82/2014,T,L,S,D,S,T,K,A,1,1,0,1,0,0,0,0
345,A/Cardiff/7109/2018-egg,[],[],[],2018.0,A2/re,T,L,S,D,S,T,K,A,egg,A/Cardiff/7109/2018,T,L,S,D,S,T,K,A,0,0,0,0,0,0,0,0
348,A/Catalonia/576683S/2016-egg,[],[],[],2016.8131416837782,A1b,T,L,S,D,S,T,K,A,egg,A/Catalonia/576683S/2016,T,L,S,D,S,T,K,A,0,0,0,0,0,0,0,0
349,A/Catalonia/NSVH100483235/2016-egg,[],[],[u'V14A'],2016.8350444900752,A3,T,L,S,D,S,T,K,A,egg,A/Catalonia/NSVH100483235/2016,T,L,S,D,S,T,K,A,0,0,0,0,0,0,0,0
377,A/Christchurch/28/2011-egg,"[u'G186V', u'S219F']",[],[],2011.5913757700205,unassigned,K,L,V,G,F,T,K,A,egg,A/Christchurch/28/2011,K,L,S,G,S,T,K,A,0,0,1,0,1,0,0,0
380,A/Christchurch/512/2012-egg,"[u'G186V', u'I242M', u'N246H']",[],[],2012.5092402464065,3b,K,L,V,G,S,T,K,A,egg,A/Christchurch/512/2012,K,L,S,G,S,T,K,A,0,0,1,0,0,0,0,0
382,A/Christchurch/516/2017-egg,"[u'T160K', u'L194P']",[],[],2017.7611225188227,A2/re,K,P,S,D,S,T,K,A,egg,A/Christchurch/516/2017,T,L,S,D,S,T,K,A,1,1,0,0,0,0,0,0
392,A/Colorado/18/2012-egg,[u'H156R'],[],[],2012.7830253251198,3c,K,L,V,G,S,T,R,A,egg,A/Colorado/18/2012,K,L,S,G,S,T,K,A,0,0,1,0,0,0,1,0
393,A/Colorado/6/2009-egg,[u'G186V'],[],[],2009.0547570157426,unassigned,K,L,V,G,S,T,K,A,egg,A/Colorado/6/2009,K,L,S,G,S,T,K,A,0,0,1,0,0,0,0,0
402,A/Corsica/15-12/2015-egg,"[u'I3L', u'M168V']",[],[],2015.1889117043122,3c2.A,T,L,S,D,S,T,K,A,egg,A/Corsica/15-12/2015,T,L,S,D,S,T,K,A,0,0,0,0,0,0,0,0
403,A/Corsica/3501-08/2015-egg,[],[],[],2015.1642710472279,3c3.B,K,L,S,G,S,T,K,A,egg,A/Corsica/3501-08/2015,K,L,S,G,S,T,K,A,0,0,0,0,0,0,0,0
404,A/Corsica/3521-06/2015-egg,[],[],[],2015.1724845995893,3c3.B,K,L,S,G,S,T,K,A,egg,A/Corsica/3521-06/2015,K,L,S,G,S,T,K,A,0,0,0,0,0,0,0,0
405,A/Corsica/4076-12/2015-egg,"[u'I3L', u'Y178H', u'G186V', u'S198P']",[],[],2015.1149897330595,3c2.A,T,L,V,D,S,T,K,A,egg,A/Corsica/4076-12/2015,T,L,S,D,S,T,K,A,0,0,1,0,0,0,0,0
406,A/Corsica/4076-15/2015-egg,"[u'I3L', u'Y178H', u'G186V', u'Y195H', u'S198P', u'G200A', u'R201K', u'T203I', u'R269K', u'H311Q']",[u'G13V'],[],2015.1314168377824,3c2.A,T,L,V,D,S,I,K,A,egg,A/Corsica/4076-15/2015,T,L,S,D,S,T,K,A,0,0,1,0,0,1,0,0
419,A/CzechRepublic/114/2012-egg,[u'I252V'],[],[],2012.3011635865846,unassigned,K,L,S,G,S,T,K,A,egg,A/CzechRepublic/114/2012,K,L,S,G,S,T,K,A,0,0,0,0,0,0,0,0
420,A/CzechRepublic/119/2012-egg,[],[],[],2012.1587953456537,3b,K,L,S,G,S,T,K,A,egg,A/CzechRepublic/119/2012,K,L,S,G,S,T,K,A,0,0,0,0,0,0,0,0
421,A/CzechRepublic/120/2012-egg,[],[],[],2012.1587953456537,3b,K,L,S,G,S,T,K,A,egg,A/CzechRepublic/120/2012,K,L,S,G,S,T,K,A,0,0,0,0,0,0,0,0
422,A/CzechRepublic/121/2012-egg,"[u'E50K', u'N171D']",[],[],2012.1779603011637,3c,K,L,S,G,S,T,K,A,egg,A/CzechRepublic/121/2012,K,L,S,G,S,T,K,A,0,0,0,0,0,0,0,0
423,A/CzechRepublic/126/2012-egg,[u'K310N'],[],[],2012.2956878850102,unassigned,K,L,S,G,S,T,K,A,egg,A/CzechRepublic/126/2012,K,L,S,G,S,T,K,A,0,0,0,0,0,0,0,0
424,A/CzechRepublic/130/2012-egg,[u'L157S'],[],[],2012.145106091718,unassigned,K,L,S,G,S,T,K,A,egg,A/CzechRepublic/130/2012,K,L,S,G,S,T,K,A,0,0,0,0,0,0,0,0
425,A/CzechRepublic/131/2012-egg,[],[],[],2012.3121149897331,3c,K,L,S,G,S,T,K,A,egg,A/CzechRepublic/131/2012,K,L,S,G,S,T,K,A,0,0,0,0,0,0,0,0
426,A/CzechRepublic/132/2012-egg,[],[],[],2012.3121149897331,3c,K,L,S,G,S,T,K,A,egg,A/CzechRepublic/132/2012,K,L,S,G,S,T,K,A,0,0,0,0,0,0,0,0
427,A/CzechRepublic/138/2012-egg,[u'D7Y'],[],[],2012.3668720054757,unassigned,K,L,S,G,S,T,K,A,egg,A/CzechRepublic/138/2012,K,L,S,G,S,T,K,A,0,0,0,0,0,0,0,0
429,A/CzechRepublic/20/2012-egg,[],[],[],2012.1423682409309,unassigned,K,L,S,G,S,T,K,A,egg,A/CzechRepublic/20/2012,K,L,S,G,S,T,K,A,0,0,0,0,0,0,0,0
430,A/CzechRepublic/20/2014-egg,[u'A212S'],[u'D160N'],[],2014.996577686516,3c3.A,K,L,S,D,S,T,K,S,egg,A/CzechRepublic/20/2014,K,L,S,D,S,T,K,S,0,0,0,0,0,0,0,0
432,A/CzechRepublic/33/2015-egg,[],[],[],2015.03832991102,3c3.B,K,L,S,G,S,T,K,A,egg,A/CzechRepublic/33/2015,K,L,S,G,S,T,K,A,0,0,0,0,0,0,0,0
433,A/CzechRepublic/41/2015-egg,[u'N6D'],[],[],2015.0739219712525,3c2.A,T,L,S,D,S,T,K,A,egg,A/CzechRepublic/41/2015,T,L,S,D,S,T,K,A,0,0,0,0,0,0,0,0
434,A/CzechRepublic/63/2015-egg,[],[],[],2015.0876112251883,3c3,K,L,S,G,S,T,K,A,egg,A/CzechRepublic/63/2015,K,L,S,G,S,T,K,A,0,0,0,0,0,0,0,0
435,A/CzechRepublic/76/2012-egg,[u'I179V'],[],[],2012.2135523613963,3c,K,L,S,G,S,T,K,A,egg,A/CzechRepublic/76/2012,K,L,S,G,S,T,K,A,0,0,0,0,0,0,0,0
436,A/CzechRepublic/98/2012-egg,[],[u'A201V'],[],2012.2436687200548,unassigned,K,L,S,G,S,T,K,A,egg,A/CzechRepublic/98/2012,K,L,S,G,S,T,K,A,0,0,0,0,0,0,0,0
451,A/Delaware/32/2016-egg,"[u'T128N', u'A138S', u'T160I', u'G186V', u'S219Y', u'D225G']",[],[],2016.8733744010951,A1,I,L,V,G,Y,T,K,S,egg,A/Delaware/32/2016,T,L,S,D,S,T,K,A,1,0,1,1,1,0,0,1
459,A/DistritoFederal/75551/2014-egg,[],[],[],2014.643394934976,3c3,K,L,S,G,S,T,K,A,egg,A/DistritoFederal/75551/2014,K,L,S,G,S,T,K,A,0,0,0,0,0,0,0,0
460,A/DistritoFederal/756373/2018-egg,[u'R150K'],[],[],2018.123203285421,A2/re,T,L,S,D,S,T,K,A,egg,A/DistritoFederal/756373/2018,T,L,S,D,S,T,K,A,0,0,0,0,0,0,0,0
529,A/EspiritoSanto/58/2017-egg,[u'I25V'],[],[],2017.0465434633813,A1,T,L,S,D,S,T,K,A,egg,A/EspiritoSanto/58/2017,T,L,S,D,S,T,K,A,0,0,0,0,0,0,0,0
539,A/Fiji/1/2014-egg,"[u'G186V', u'S219Y']",[],[],2014.3258042436687,3c3,K,L,V,G,Y,T,K,A,egg,A/Fiji/1/2014,K,L,S,G,S,T,K,A,0,0,1,0,1,0,0,0
543,A/Fiji/4/2015-egg,"[u'D225G', u'S262N']",[],[],2015.2491444216291,3c2.A,K,P,S,G,S,T,K,A,egg,A/Fiji/4/2015,T,L,S,D,S,T,K,A,1,1,0,1,0,0,0,0
546,A/Fiji/60/2016-egg,[],[],[],2016.4024640657085,3c2.A,K,P,S,G,S,T,K,A,egg,A/Fiji/60/2016,T,L,S,D,S,T,K,A,1,1,0,1,0,0,0,0
548,A/Fiji/7/2015-egg,[],[],[],2015.394250513347,3c2.A,K,P,S,D,S,T,K,A,egg,A/Fiji/7/2015,T,L,S,D,S,T,K,A,1,1,0,0,0,0,0,0
552,A/Florida/21/2011-egg,[u'N246H'],[],[],2011.6187542778919,unassigned,K,L,S,G,S,T,K,A,egg,A/Florida/21/2011,K,L,S,G,S,T,K,A,0,0,0,0,0,0,0,0
557,A/Florida/40/2012-egg,"[u'H156Q', u'G186V']",[],[],2012.6324435318274,3c,K,L,V,G,S,T,Q,A,egg,A/Florida/40/2012,K,L,S,G,S,T,K,A,0,0,1,0,0,0,1,0
559,A/Florida/68/2012-egg,[u'H183L'],[],[],2012.479123887748,unassigned,K,L,S,G,S,T,K,A,egg,A/Florida/68/2012,K,L,S,G,S,T,K,A,0,0,0,0,0,0,0,0
571,A/Fujian-Tongan/196/2009-egg,[],[],[],2009.3449691991786,unassigned,K,L,S,G,S,T,K,A,egg,A/Fujian-Tongan/196/2009,K,L,S,G,S,T,K,A,0,0,0,0,0,0,0,0
592,A/Geneva/1479911/2009-egg,[],[],[],2009.0547570157426,unassigned,K,L,S,G,S,T,K,A,egg,A/Geneva/1479911/2009,K,L,S,G,S,T,K,A,0,0,0,0,0,0,0,0
594,A/Georgia/169/2017-egg,[],[],[],2017.0876112251883,A1,T,L,S,D,S,T,K,A,egg,A/Georgia/169/2017,T,L,S,D,S,T,K,A,0,0,0,0,0,0,0,0
595,A/Georgia/238/2017-egg,[],[],[],2017.123203285421,A1,T,L,S,D,S,T,K,A,egg,A/Georgia/238/2017,T,L,S,D,S,T,K,A,0,0,0,0,0,0,0,0
596,A/Georgia/278/2017-egg,[u'D104N'],[],[],2017.1423682409309,A1,T,L,S,D,S,T,K,A,egg,A/Georgia/278/2017,T,L,S,D,S,T,K,A,0,0,0,0,0,0,0,0
598,A/Georgia/714/2017-egg,[],[],[],2017.5503080082135,A1b/135N,T,L,S,D,S,T,K,A,egg,A/Georgia/714/2017,T,L,S,D,S,T,K,A,0,0,0,0,0,0,0,0
621,A/Glasgow/407664/2012-egg,[u'L194P'],[],[],2012.2546201232033,3c,K,P,S,G,S,T,K,A,egg,A/Glasgow/407664/2012,K,L,S,G,S,T,K,A,0,1,0,0,0,0,0,0
622,A/Goias/386531/2017-egg,[],[],[],2017.6954140999314,3c3.A,K,L,S,D,S,T,K,S,egg,A/Goias/386531/2017,K,L,S,D,S,T,K,S,0,0,0,0,0,0,0,0
623,A/Goias/3910/2014-egg,[],[],[],2014.0164271047229,3c3,K,L,S,G,S,T,K,A,egg,A/Goias/3910/2014,K,L,S,G,S,T,K,A,0,0,0,0,0,0,0,0
624,A/Goias/49684/2015-egg,[],[],[],2015.3175906913073,3c2.A,T,L,S,D,S,T,K,A,egg,A/Goias/49684/2015,T,L,S,D,S,T,K,A,0,0,0,0,0,0,0,0
625,A/Goias/51166/2014-egg,[],[],[],2014.3586584531142,3c3,K,L,S,G,S,T,K,A,egg,A/Goias/51166/2014,K,L,S,G,S,T,K,A,0,0,0,0,0,0,0,0
626,A/Goias/6394/2015-egg,"[u'V213I', u'V309I']",[],[],2015.0711841204654,3c3,K,L,S,G,S,T,K,A,egg,A/Goias/6394/2015,K,L,S,G,S,T,K,A,0,0,0,0,0,0,0,0
627,A/Goias/82117/2014-egg,[],[],[],2014.7310061601643,3c3,K,L,S,G,S,T,K,A,egg,A/Goias/82117/2014,K,L,S,G,S,T,K,A,0,0,0,0,0,0,0,0
628,A/Goias/85156/2014-egg,[],[],[],2014.7501711156742,3c3,K,L,S,G,S,T,K,A,egg,A/Goias/85156/2014,K,L,S,G,S,T,K,A,0,0,0,0,0,0,0,0
629,A/Goias/852896/2018-egg,[],[],[],2018.01916495551,A2/re,T,L,S,D,S,T,K,A,egg,A/Goias/852896/2018,T,L,S,D,S,T,K,A,0,0,0,0,0,0,0,0
633,A/Guadeloupe/202/2010-egg,[u'L194P'],[],[],2010.911704312115,unassigned,K,P,S,G,S,T,K,A,egg,A/Guadeloupe/202/2010,K,L,S,G,S,T,K,A,0,1,0,0,0,0,0,0
635,A/Guadeloupe/4127/2014-egg,"[u'G186V', u'S219F']",[],[],2014.1095140314853,3c3,K,L,V,G,F,T,K,A,egg,A/Guadeloupe/4127/2014,K,L,S,G,S,T,K,A,0,0,1,0,1,0,0,0
644,A/Guangdong-Luohu/1256/2009-egg,[],[],[],2009.413415468857,unassigned,K,P,S,G,S,T,K,A,egg,A/Guangdong-Luohu/1256/2009,K,L,S,G,S,T,K,A,0,1,0,0,0,0,0,0
646,A/Guangdong-Luohu/1257/2009-egg,[],[],[],2009.413415468857,unassigned,K,P,S,G,S,T,K,A,egg,A/Guangdong-Luohu/1257/2009,K,L,S,G,S,T,K,A,0,1,0,0,0,0,0,0
654,A/GuangdongFutian/1253/2009-egg,[],[],[],2009.564608591236,unassigned,K,L,S,G,S,T,K,A,egg,A/GuangdongFutian/1253/2009,K,L,S,G,S,T,K,A,0,0,0,0,0,0,0,0
709,A/Hawaii/22/2012-egg,[u'I226S'],[],[],2012.520191649555,3c,K,L,V,G,S,T,K,A,egg,A/Hawaii/22/2012,K,L,S,G,S,T,K,A,0,0,1,0,0,0,0,0
711,A/Hawaii/25/2012-egg,"[u'S124G', u'S219F']",[],[],2012.6735112936344,3c,K,L,V,G,F,T,K,A,egg,A/Hawaii/25/2012,K,L,S,G,S,T,K,A,0,0,1,0,1,0,0,0
718,A/Hawaii/44/2017-egg,"[u'T160K', u'L194V', u'D225G', u'I226T']",[],[],2017.6132785763175,A4,K,V,S,G,S,T,K,A,egg,A/Hawaii/44/2017,T,L,S,D,S,T,K,A,1,1,0,1,0,0,0,0
731,A/HoChiMinh/5186/2010-egg,"[u'L3V', u'T318P']","[u'K68N', u'N95I']",[],2010.4845995893224,unassigned,K,L,S,G,S,T,K,A,egg,A/HoChiMinh/5186/2010,K,L,S,G,S,T,K,A,0,0,0,0,0,0,0,0
732,A/HoChiMinh/5517/2010-egg,[],[],[],2010.5338809034909,unassigned,K,L,S,G,S,T,K,A,egg,A/HoChiMinh/5517/2010,K,L,S,G,S,T,K,A,0,0,0,0,0,0,0,0
733,A/HoChiMinh/5527/2010-egg,[u'A280E'],"[u'V84I', u'N218I', u'I219T']",[],2010.5338809034909,unassigned,K,L,S,G,S,T,K,A,egg,A/HoChiMinh/5527/2010,K,L,S,G,S,T,K,A,0,0,0,0,0,0,0,0
734,A/HoChiMinh/5677/2010-egg,[],[],[],2010.539356605065,unassigned,K,L,S,G,S,T,K,A,egg,A/HoChiMinh/5677/2010,K,L,S,G,S,T,K,A,0,0,0,0,0,0,0,0
735,A/HoChiMinh/5897/2010-egg,[u'L3I'],[],[],2010.558521560575,unassigned,K,L,S,G,S,T,K,A,egg,A/HoChiMinh/5897/2010,K,L,S,G,S,T,K,A,0,0,0,0,0,0,0,0
736,A/HoChiMinh/5947/2010-egg,[],[],[],2010.561259411362,unassigned,K,L,S,G,S,T,K,A,egg,A/HoChiMinh/5947/2010,K,L,S,G,S,T,K,A,0,0,0,0,0,0,0,0
737,A/HoChiMinh/6077/2010-egg,[u'N6D'],"[u'T107A', u'H142L', u'A192T', u'I193E']",[],2010.5667351129364,unassigned,K,L,S,G,S,T,K,A,egg,A/HoChiMinh/6077/2010,K,L,S,G,S,T,K,A,0,0,0,0,0,0,0,0
738,A/HoChiMinh/6117/2010-egg,[],"[u'K68N', u'N95I', u'A96G']",[],2010.5749486652978,unassigned,K,L,S,G,S,T,K,A,egg,A/HoChiMinh/6117/2010,K,L,S,G,S,T,K,A,0,0,0,0,0,0,0,0
739,A/HoChiMinh/6127/2010-egg,[],[u'N95I'],[],2010.577686516085,unassigned,K,L,S,G,S,T,K,A,egg,A/HoChiMinh/6127/2010,K,L,S,G,S,T,K,A,0,0,0,0,0,0,0,0
740,A/HoChiMinh/6268/2010-egg,[u'K208R'],"[u'T59S', u'K68N', u'T107A', u'H142L', u'C210R']",[],2010.6050650239563,unassigned,K,L,S,G,S,T,K,A,egg,A/HoChiMinh/6268/2010,K,L,S,G,S,T,K,A,0,0,0,0,0,0,0,0
741,A/HoChiMinh/6318/2010-egg,[],[],[],2010.621492128679,unassigned,K,L,S,G,S,T,K,A,egg,A/HoChiMinh/6318/2010,K,L,S,G,S,T,K,A,0,0,0,0,0,0,0,0
742,A/HoChiMinh/6328/2010-egg,[],"[u'A96G', u'Q105H']",[],2010.6160164271048,unassigned,K,L,S,G,S,T,K,A,egg,A/HoChiMinh/6328/2010,K,L,S,G,S,T,K,A,0,0,0,0,0,0,0,0
743,A/HoChiMinh/6388/2010-egg,[],"[u'C29S', u'G79D', u'Q105H', u'L198I', u'I215L']",[u'A16T'],2010.624229979466,unassigned,K,L,S,G,S,T,K,A,egg,A/HoChiMinh/6388/2010,K,L,S,G,S,T,K,A,0,0,0,0,0,0,0,0
744,A/HoChiMinh/6398/2010-egg,[],[],[],2010.624229979466,unassigned,K,L,S,G,S,T,K,A,egg,A/HoChiMinh/6398/2010,K,L,S,G,S,T,K,A,0,0,0,0,0,0,0,0
745,A/HoChiMinh/6528/2010-egg,[],[],[],2010.6297056810404,unassigned,K,L,S,G,S,T,K,A,egg,A/HoChiMinh/6528/2010,K,L,S,G,S,T,K,A,0,0,0,0,0,0,0,0
746,A/HoChiMinh/7218/2010-egg,"[u'D7E', u'C14G', u'G78D', u'T313N']","[u'C29S', u'L80R', u'N95I', u'L98F']",[],2010.6570841889118,unassigned,K,L,S,G,S,T,K,A,egg,A/HoChiMinh/7218/2010,K,L,S,G,S,T,K,A,0,0,0,0,0,0,0,0
747,A/HoChiMinh/85410/2010-egg,[],"[u'K39E', u'L52M', u'L80R', u'I99L', u'A101D', u'L118V', u'L187Q', u'A201S']",[],2010.6187542778919,unassigned,K,L,S,G,S,T,K,A,egg,A/HoChiMinh/85410/2010,K,L,S,G,S,T,K,A,0,0,0,0,0,0,0,0
756,A/HongKong/2142/2009-egg,[],[],[],2009.37234770705,unassigned,K,L,S,G,S,T,K,A,egg,A/HongKong/2142/2009,K,L,S,G,S,T,K,A,0,0,0,0,0,0,0,0
757,A/HongKong/2154/2009-egg,"[u'I51V', u'Y94H', u'L243I']",[],[],2009.375085557837,unassigned,K,L,S,G,S,T,K,A,egg,A/HongKong/2154/2009,K,L,S,G,S,T,K,A,0,0,0,0,0,0,0,0
759,A/HongKong/2210/2009-egg,[],[],[],2009.394250513347,unassigned,K,L,S,G,S,T,K,A,egg,A/HongKong/2210/2009,K,L,S,G,S,T,K,A,0,0,0,0,0,0,0,0
763,A/HongKong/2286/2017-egg,"[u'Q75H', u'T160K', u'G186V', u'S219Y']",[],[],2017.3887748117727,A1b/135K,K,L,V,D,Y,T,K,A,egg,A/HongKong/2286/2017,T,L,S,D,S,T,K,A,1,0,1,0,1,0,0,0
769,A/HongKong/26560/2009-egg,[],[],[],2009.7118412046543,unassigned,K,P,S,G,S,T,K,A,egg,A/HongKong/26560/2009,K,L,S,G,S,T,K,A,0,1,0,0,0,0,0,0
772,A/HongKong/32/2013-egg,[u'G186V'],[],[],2013.0054757015744,3c,K,L,V,G,S,T,K,A,egg,A/HongKong/32/2013,K,L,S,G,S,T,K,A,0,0,1,0,0,0,0,0
775,A/HongKong/4494/2009-egg,[],[],[],2009.520191649555,unassigned,K,L,S,G,S,T,K,A,egg,A/HongKong/4494/2009,K,L,S,G,S,T,K,A,0,0,0,0,0,0,0,0
776,A/HongKong/4544/2009-egg,[],[],[],2009.5229295003423,unassigned,K,L,S,G,S,T,K,A,egg,A/HongKong/4544/2009,K,L,S,G,S,T,K,A,0,0,0,0,0,0,0,0
779,A/HongKong/4547/2009-egg,[],[],[],2009.520191649555,unassigned,K,L,S,G,S,T,K,A,egg,A/HongKong/4547/2009,K,L,S,G,S,T,K,A,0,0,0,0,0,0,0,0
781,A/HongKong/4801/2014-egg,"[u'N96S', u'I140K']",[],[],2014.1533196440794,3c2.A,K,P,S,D,S,T,K,A,egg,A/HongKong/4801/2014,T,L,S,D,S,T,K,A,1,1,0,0,0,0,0,0
785,A/HongKong/50/2016-egg,"[u'A138S', u'T160K', u'L194P']",[u'E155G'],[],2015.993839835729,A1,K,P,S,D,S,T,K,S,egg,A/HongKong/50/2016,T,L,S,D,S,T,K,A,1,1,0,0,0,0,0,1
789,A/HongKong/5738/2014-egg,"[u'T203I', u'S312N']",[],[],2014.3258042436687,3c2.A,K,P,S,D,S,I,K,A,egg,A/HongKong/5738/2014,T,L,S,D,S,T,K,A,1,1,0,0,0,1,0,0
801,A/HongKong/7127/2014-egg,[u'D225G'],[],[],2014.5722108145105,3c2.A,K,P,S,G,S,T,K,A,egg,A/HongKong/7127/2014,T,L,S,D,S,T,K,A,1,1,0,1,0,0,0,0
819,A/Hubei-Wuchang/170/2014-egg,[],[],[],2014.0355920602328,3c3,K,L,S,G,S,T,K,A,egg,A/Hubei-Wuchang/170/2014,K,L,S,G,S,T,K,A,0,0,0,0,0,0,0,0
822,A/Hunan-Beihu/1143/2011-egg,[u'L194P'],[u'D160N'],[],2011.1889117043122,unassigned,K,P,S,G,S,T,K,A,egg,A/Hunan-Beihu/1143/2011,K,L,S,G,S,T,K,A,0,1,0,0,0,0,0,0
840,A/Idaho/33/2016-egg,[],[],[],2016.432580424367,3c3.A,K,L,S,D,S,T,K,S,egg,A/Idaho/33/2016,K,L,S,D,S,T,K,S,0,0,0,0,0,0,0,0
843,A/Idaho/37/2016-egg,"[u'R142G', u'T160K', u'L164V', u'G186D', u'D190G', u'D225G']",[],[],2016.766598220397,A1a,K,L,D,G,S,T,K,A,egg,A/Idaho/37/2016,T,L,S,D,S,T,K,A,1,0,1,1,0,0,0,0
861,A/Iowa/119/2010-egg,"[u'G186S', u'A196T']",[],[],2010.5743995704402,unassigned,K,L,S,G,S,T,K,A,egg,A/Iowa/119/2010,K,L,S,G,S,T,K,A,0,0,0,0,0,0,0,0
887,A/Jiangsu-Chongchuan/12179/2014-egg,[],[],[],2014.6926762491444,unassigned,K,P,S,G,S,T,K,A,egg,A/Jiangsu-Chongchuan/12179/2014,K,L,S,G,S,T,K,A,0,1,0,0,0,0,0,0
888,A/Jiangsu-Chongchuan/12714/2015-egg,[],[],[],2015.8624229979466,unassigned,K,P,S,G,S,T,K,A,egg,A/Jiangsu-Chongchuan/12714/2015,K,L,S,G,S,T,K,A,0,1,0,0,0,0,0,0
889,A/Jiangsu-Chongchuan/12908/2015-egg,[],[],[],2015.9199178644765,unassigned,K,P,S,G,S,T,K,A,egg,A/Jiangsu-Chongchuan/12908/2015,K,L,S,G,S,T,K,A,0,1,0,0,0,0,0,0
890,A/Jiangsu-Chongchuan/1830/2014-egg,[],[],[],2014.2655715263518,unassigned,K,P,S,G,S,T,K,A,egg,A/Jiangsu-Chongchuan/1830/2014,K,L,S,G,S,T,K,A,0,1,0,0,0,0,0,0
891,A/Jiangsu-Danyang/1647/2012-egg,[],[],[],2012.7775496235456,unassigned,K,P,S,G,S,T,K,A,egg,A/Jiangsu-Danyang/1647/2012,K,L,S,G,S,T,K,A,0,1,0,0,0,0,0,0
892,A/Jiangsu-Donghai/57/2012-egg,[u'G186A'],[],[],2012.6735112936344,unassigned,K,P,A,G,S,T,K,A,egg,A/Jiangsu-Donghai/57/2012,K,L,S,G,S,T,K,A,0,1,1,0,0,0,0,0
894,A/Jiangsu-Qingpu/1660/2015-egg,[],[],[],2015.3230663928816,3c3.A,K,L,R,D,S,T,K,S,egg,A/Jiangsu-Qingpu/1660/2015,K,L,S,D,S,T,K,S,0,0,1,0,0,0,0,0
895,A/Jiangsu-Sucheng/1309/2016-egg,[],[],[],2016.2956878850102,3c3.A,K,L,R,D,S,T,K,S,egg,A/Jiangsu-Sucheng/1309/2016,K,L,S,D,S,T,K,S,0,0,1,0,0,0,0,0
896,A/Jiangsu-Sucheng/1489/2017-egg,[],[],[],2017.4681724845996,3c3.A,K,L,R,D,S,T,K,S,egg,A/Jiangsu-Sucheng/1489/2017,K,L,S,D,S,T,K,S,0,0,1,0,0,0,0,0
897,A/Jiangsu-Sucheng/1834/2017-egg,[],[],[],2017.7939767282683,3c3.A,K,L,R,D,S,T,K,S,egg,A/Jiangsu-Sucheng/1834/2017,K,L,S,D,S,T,K,S,0,0,1,0,0,0,0,0
898,A/Jiangsu-Tianning/1707/2013-egg,[],[],[],2013.8213552361397,unassigned,K,P,S,G,S,T,K,A,egg,A/Jiangsu-Tianning/1707/2013,K,L,S,G,S,T,K,A,0,1,0,0,0,0,0,0
899,A/Jiangsu-Wujin/318/2013-egg,[],[u'C220R'],[],2013.9281314168377,unassigned,K,P,S,G,S,T,K,A,egg,A/Jiangsu-Wujin/318/2013,K,L,S,G,S,T,K,A,0,1,0,0,0,0,0,0
900,A/Jiangsu-Xinpu/1205/2012-egg,[],[],[],2012.3477070499657,unassigned,K,P,S,G,S,T,K,A,egg,A/Jiangsu-Xinpu/1205/2012,K,L,S,G,S,T,K,A,0,1,0,0,0,0,0,0
901,A/Jiangsu-Xinpu/1385/2012-egg,[],[],[],2012.640657084189,unassigned,K,P,S,G,S,T,K,A,egg,A/Jiangsu-Xinpu/1385/2012,K,L,S,G,S,T,K,A,0,1,0,0,0,0,0,0
902,A/Jiangsu-Xinpu/1963/2014-egg,[],[],[],2014.9199178644765,3c3.A,K,L,R,D,S,T,K,S,egg,A/Jiangsu-Xinpu/1963/2014,K,L,S,D,S,T,K,S,0,0,1,0,0,0,0,0
942,A/Kanagawa/IC1610/2017-egg,"[u'A138S', u'H183L', u'L194M', u'D225G', u'P227H']",[u'K82N'],[],2017.024640657084,A2,T,M,S,G,S,T,K,S,egg,A/Kanagawa/IC1610/2017,T,L,S,D,S,T,K,A,0,1,0,1,0,0,0,1
944,A/Kanagawa/IC1725/2018-egg,"[u'T131N', u'A138S', u'D190G', u'D225G', u'P227S', u'N246T']",[],[],2018.0465434633813,A1b/135N,T,L,S,G,S,T,K,S,egg,A/Kanagawa/IC1725/2018,T,L,S,D,S,T,K,A,0,0,0,1,0,0,0,1
947,A/Kanagawa/IC1739/2018-egg,"[u'T160K', u'L194P']",[],[],2018.1177275838468,A2/re,K,P,S,D,S,T,K,A,egg,A/Kanagawa/IC1739/2018,T,L,S,D,S,T,K,A,1,1,0,0,0,0,0,0
951,A/Kanagawa/ZC1613/2017-egg,"[u'A138S', u'T160I', u'L194P', u'T203I']",[],[],2017.0985626283368,A1,I,P,S,D,S,I,K,S,egg,A/Kanagawa/ZC1613/2017,T,L,S,D,S,T,K,A,1,1,0,0,0,1,0,1
954,A/Kanagawa/ZC1710/2017-egg,"[u'T160K', u'G186V', u'D225N']",[],[],2017.971937029432,A4,K,L,V,G,S,T,K,A,egg,A/Kanagawa/ZC1710/2017,T,L,S,D,S,T,K,A,1,0,1,1,0,0,0,0
957,A/Kansas/14/2017-egg,"[u'D190N', u'N246S']",[],[],2017.950034223135,3c3.A,K,L,S,D,S,T,K,S,egg,A/Kansas/14/2017,K,L,S,D,S,T,K,S,0,0,0,0,0,0,0,0
981,A/Kentucky/1/2018-egg,"[u'K160I', u'D225G']",[],[],2018.0082135523614,A2/re,I,P,S,G,S,T,K,A,egg,A/Kentucky/1/2018,T,L,S,D,S,T,K,A,1,1,0,1,0,0,0,0
984,A/Kentucky/5/2011-egg,"[u'H156R', u'S219F']",[],[],2011.8405201916496,unassigned,K,L,S,G,F,T,R,A,egg,A/Kentucky/5/2011,K,L,S,G,S,T,K,A,0,0,0,0,1,0,1,0
994,A/Kenya/1544/2008-egg,[u'L194P'],[],[],2008.561259411362,unassigned,K,P,S,G,S,T,K,A,egg,A/Kenya/1544/2008,K,L,S,G,S,T,K,A,0,1,0,0,0,0,0,0
1045,A/Lisbon/SU91/2012-egg,[u'G186V'],[],[],2012.9445585215606,unassigned,K,L,V,G,S,T,K,A,egg,A/Lisbon/SU91/2012,K,L,S,G,S,T,K,A,0,0,1,0,0,0,0,0
1056,A/Madagascar/153/2010-egg,[u'S124R'],[],[],2010.0684462696784,unassigned,K,L,S,G,S,T,K,A,egg,A/Madagascar/153/2010,K,L,S,G,S,T,K,A,0,0,0,0,0,0,0,0
1066,A/Maine/5/2012-egg,"[u'Y98F', u'I226N']",[],[],2012.2546201232033,3c,K,L,S,G,S,T,K,A,egg,A/Maine/5/2012,K,L,S,G,S,T,K,A,0,0,0,0,0,0,0,0
1093,A/Maryland/2/2012-egg,"[u'H156Q', u'G186V', u'S219Y']",[],[],2012.0465434633813,3b,K,L,V,G,Y,T,Q,A,egg,A/Maryland/2/2012,K,L,S,G,S,T,K,A,0,0,1,0,1,0,1,0
1094,A/Massachusetts/11/2013-egg,[u'L194P'],[],[],2013.520191649555,3c3,K,P,S,G,S,T,K,A,egg,A/Massachusetts/11/2013,K,L,S,G,S,T,K,A,0,1,0,0,0,0,0,0
1096,A/MatoGrosso/350652/2016-egg,"[u'I34V', u'R142G']",[],[],2016.6899383983573,3c2.A,T,L,S,D,S,T,K,A,egg,A/MatoGrosso/350652/2016,T,L,S,D,S,T,K,A,0,0,0,0,0,0,0,0
1097,A/MatoGrosso/45246/2014-egg,[],[],[],2014.3230663928816,3c3,K,L,S,G,S,T,K,A,egg,A/MatoGrosso/45246/2014,K,L,S,G,S,T,K,A,0,0,0,0,0,0,0,0
1099,A/MatoGrossodoSul/41977/2014-egg,[],[],[],2014.3039014373717,3c3,K,L,S,G,S,T,K,A,egg,A/MatoGrossodoSul/41977/2014,K,L,S,G,S,T,K,A,0,0,0,0,0,0,0,0
1100,A/MatoGrossodoSul/510074/2018-egg,[],[u'N169K'],[],2018.123203285421,A1a,T,L,S,D,S,T,K,A,egg,A/MatoGrossodoSul/510074/2018,T,L,S,D,S,T,K,A,0,0,0,0,0,0,0,0
1101,A/MatoGrossodoSul/523791/2017-egg,[],"[u'W185G', u'L187Q']",[],2017.101300479124,A1,T,L,S,D,S,T,K,A,egg,A/MatoGrossodoSul/523791/2017,T,L,S,D,S,T,K,A,0,0,0,0,0,0,0,0
1102,A/MatoGrossodoSul/53099/2013-egg,[u'C305F'],[],[],2013.4654346338125,3c,K,L,S,G,S,T,K,A,egg,A/MatoGrossodoSul/53099/2013,K,L,S,G,S,T,K,A,0,0,0,0,0,0,0,0
1103,A/MatoGrossodoSul/66636/2014-egg,[],[],[],2014.5119780971936,3c3,K,L,S,G,S,T,K,A,egg,A/MatoGrossodoSul/66636/2014,K,L,S,G,S,T,K,A,0,0,0,0,0,0,0,0
1104,A/MatoGrossodoSul/70736/2015-egg,[u'N216S'],[],[],2015.6461327857633,3c2.A,T,L,S,D,S,T,K,A,egg,A/MatoGrossodoSul/70736/2015,T,L,S,D,S,T,K,A,0,0,0,0,0,0,0,0
1105,A/MatoGrossodoSul/85939/2015-egg,[u'N96K'],[],[],2015.8815879534566,3c2.A,T,L,S,D,S,T,K,A,egg,A/MatoGrossodoSul/85939/2015,T,L,S,D,S,T,K,A,0,0,0,0,0,0,0,0
1118,A/Micronesia/6689/2012-egg,"[u'E62G', u'G186V', u'S209G', u'T248K', u'R261Q']",[],[],2012.2299794661192,unassigned,K,L,V,G,S,T,K,A,egg,A/Micronesia/6689/2012,K,L,S,G,S,T,K,A,0,0,1,0,0,0,0,0
1122,A/MinasGerais/66/2017-egg,[],[],[],2017.0082135523614,A1,T,L,S,D,S,T,K,A,egg,A/MinasGerais/66/2017,T,L,S,D,S,T,K,A,0,0,0,0,0,0,0,0
1129,A/Mississippi/4/2008-egg,[],[],[],2008.03832991102,unassigned,K,L,V,G,S,T,Q,A,egg,A/Mississippi/4/2008,K,L,S,G,S,T,K,A,0,0,1,0,0,0,1,0
1131,A/Missouri/2/2012-egg,[u'L194P'],[],[],2012.043805612594,unassigned,K,P,S,G,S,T,K,A,egg,A/Missouri/2/2012,K,L,S,G,S,T,K,A,0,1,0,0,0,0,0,0
1132,A/Missouri/4/2013-egg,"[u'A138S', u'L194P']",[],[],2013.1998631074607,3c,K,P,S,G,S,T,K,S,egg,A/Missouri/4/2013,K,L,S,G,S,T,K,A,0,1,0,0,0,0,0,1
1134,A/Missouri/5/2008-egg,[],[],[],2008.1533196440794,unassigned,K,L,V,G,S,T,Q,A,egg,A/Missouri/5/2008,K,L,S,G,S,T,K,A,0,0,1,0,0,0,1,0
1139,A/Montana/5/2011-egg,[u'H183L'],[],[],2011.1642710472279,unassigned,K,L,S,G,S,T,K,A,egg,A/Montana/5/2011,K,L,S,G,S,T,K,A,0,0,0,0,0,0,0,0
1183,A/Nebraska/19/2015-egg,"[u'T160K', u'L194P']",[],[],2015.807665982204,3c2.A,K,P,S,D,S,T,K,A,egg,A/Nebraska/19/2015,T,L,S,D,S,T,K,A,1,1,0,0,0,0,0,0
1213,A/Nevada/20/2012-egg,"[u'G186V', u'N246T']",[],[],2012.2546201232033,3b,K,L,V,G,S,T,K,A,egg,A/Nevada/20/2012,K,L,S,G,S,T,K,A,0,0,1,0,0,0,0,0
1217,A/Nevada/9/2014-egg,"[u'Y94H', u'L194P']",[],[],2014.2573579739903,3c3,K,P,S,G,S,T,K,A,egg,A/Nevada/9/2014,K,L,S,G,S,T,K,A,0,1,0,0,0,0,0,0
1219,A/NewCaledonia/71/2014-egg,[u'S9N'],[u'G150E'],[],2014.6132785763175,3c2.A,K,P,S,G,S,T,K,A,egg,A/NewCaledonia/71/2014,T,L,S,D,S,T,K,A,1,1,0,1,0,0,0,0
1221,A/NewHampshire/10/2012-egg,"[u'H156Q', u'G186V', u'S219F']",[],[],2012.3422313483916,3c,K,L,V,G,F,T,Q,A,egg,A/NewHampshire/10/2012,K,L,S,G,S,T,K,A,0,0,1,0,1,0,1,0
1223,A/NewHampshire/11/2012-egg,[u'L194P'],[],[],2012.7118412046543,3c,K,P,S,G,S,T,K,A,egg,A/NewHampshire/11/2012,K,L,S,G,S,T,K,A,0,1,0,0,0,0,0,0
1224,A/NewHampshire/16/2012-egg,[u'G186V'],[u'A201V'],[],2012.8843258042436,3c,K,L,V,G,S,T,K,A,egg,A/NewHampshire/16/2012,K,L,S,G,S,T,K,A,0,0,1,0,0,0,0,0
1233,A/NewYork/5/2014-egg,"[u'D225G', u'N246T']",[],[],2014.0547570157426,3c3.A,K,L,S,G,S,T,K,S,egg,A/NewYork/5/2014,K,L,S,D,S,T,K,S,0,0,0,1,0,0,0,0
1239,A/Newcastle/1/2013-egg,"[u'D7N', u'G186V', u'S219F']",[],[],2013.0355920602328,3c3,K,L,V,G,F,T,K,A,egg,A/Newcastle/1/2013,K,L,S,G,S,T,K,A,0,0,1,0,1,0,0,0
1242,A/Newcastle/25/2014-egg,[u'G186V'],[],[],2014.3367556468172,3c3.B,K,L,V,G,S,T,K,A,egg,A/Newcastle/25/2014,K,L,S,G,S,T,K,A,0,0,1,0,0,0,0,0
1244,A/Newcastle/35/2017-egg,"[u'S124N', u'T160K', u'L194P']",[],[],2017.1943874058863,A1b,K,P,S,D,S,T,K,A,egg,A/Newcastle/35/2017,T,L,S,D,S,T,K,A,1,1,0,0,0,0,0,0
1246,A/Newcastle/36/2017-egg,"[u'T160R', u'L194P', u'T203I']",[],[],2017.2874743326488,A1b,R,P,S,D,S,I,K,A,egg,A/Newcastle/36/2017,T,L,S,D,S,T,K,A,1,1,0,0,0,1,0,0
1274,A/NorthCarolina/13/2014-egg,[],[],[],2014.2847364818617,3c3.A,K,L,V,D,S,T,K,S,egg,A/NorthCarolina/13/2014,K,L,S,D,S,T,K,S,0,0,1,0,0,0,0,0
1284,A/Norway/1292/2012-egg,[u'L194P'],[],[],2012.3258042436687,3c,K,P,S,G,S,T,K,A,egg,A/Norway/1292/2012,K,L,S,G,S,T,K,A,0,1,0,0,0,0,0,0
1297,A/Norway/2178/2014-egg,"[u'T203I', u'I226T']",[],[],2014.5968514715948,3c2.A,K,P,S,D,S,I,K,A,egg,A/Norway/2178/2014,T,L,S,D,S,T,K,A,1,1,0,0,0,1,0,0
1313,A/Norway/2605/2015-egg,[],[],[],2015.7501711156742,3c3,K,L,S,G,S,T,K,A,egg,A/Norway/2605/2015,K,L,S,G,S,T,K,A,0,0,0,0,0,0,0,0
1321,A/Norway/3806/2016-egg,"[u'T160K', u'L194P']",[],[],2016.4490075290896,A1a,K,P,S,D,S,T,K,A,egg,A/Norway/3806/2016,T,L,S,D,S,T,K,A,1,1,0,0,0,0,0,0
1325,A/Norway/4293/2016-egg,[],[],[],2016.807665982204,A2,T,L,S,D,S,T,K,A,egg,A/Norway/4293/2016,T,L,S,D,S,T,K,A,0,0,0,0,0,0,0,0
1329,A/Norway/4849/2016-egg,[u'D225G'],[],[],2016.9199178644765,A3,K,P,S,G,S,T,K,A,egg,A/Norway/4849/2016,T,L,S,D,S,T,K,A,1,1,0,1,0,0,0,0
1340,A/Ohio/31/2017-egg,"[u'T160K', u'L194P', u'T203I']",[],[],2017.561259411362,A3,K,P,S,D,S,I,K,A,egg,A/Ohio/31/2017,T,L,S,D,S,T,K,A,1,1,0,0,0,1,0,0
1370,A/Ontario/C1995/2010-egg,[],[],[],2010.7008898015058,unassigned,K,L,S,G,S,T,K,A,egg,A/Ontario/C1995/2010,K,L,S,G,S,T,K,A,0,0,0,0,0,0,0,0
1371,A/Ontario/C37332/2011-egg,"[u'S199P', u'I242K', u'V323I']",[],[],2011.0301163586585,unassigned,K,L,S,G,S,T,K,A,egg,A/Ontario/C37332/2011,K,L,S,G,S,T,K,A,0,0,0,0,0,0,0,0
1372,A/Ontario/C4144/2011-egg,[],[],[],2011.0,unassigned,K,L,S,G,S,T,K,A,egg,A/Ontario/C4144/2011,K,L,S,G,S,T,K,A,0,0,0,0,0,0,0,0
1373,A/Ontario/C432471/2010-egg,[],[],[],2010.6050650239563,unassigned,K,L,S,G,S,T,K,A,egg,A/Ontario/C432471/2010,K,L,S,G,S,T,K,A,0,0,0,0,0,0,0,0
1374,A/Ontario/C526567/2010-egg,[u'R220K'],[],[],2010.7036276522929,unassigned,K,L,S,G,S,T,K,A,egg,A/Ontario/C526567/2010,K,L,S,G,S,T,K,A,0,0,0,0,0,0,0,0
1375,A/Ontario/C537546/2010-egg,[],[],[],2010.7091033538672,unassigned,K,L,S,G,S,T,K,A,egg,A/Ontario/C537546/2010,K,L,S,G,S,T,K,A,0,0,0,0,0,0,0,0
1376,A/Ontario/C543493/2010-egg,"[u'S146G', u'F159Y']",[],[u'K2R'],2010.7173169062287,unassigned,K,L,S,G,S,T,K,A,egg,A/Ontario/C543493/2010,K,L,S,G,S,T,K,A,0,0,0,0,0,0,0,0
1377,A/Ontario/C575475/2010-egg,[],[],[],2010.7419575633128,unassigned,K,L,S,G,S,T,K,A,egg,A/Ontario/C575475/2010,K,L,S,G,S,T,K,A,0,0,0,0,0,0,0,0
1378,A/Ontario/C575478/2010-egg,[],[u'C195G'],[],2010.7419575633128,unassigned,K,L,S,G,S,T,K,A,egg,A/Ontario/C575478/2010,K,L,S,G,S,T,K,A,0,0,0,0,0,0,0,0
1379,A/Ontario/C575589/2010-egg,[],[],[],2010.7474332648871,unassigned,K,L,S,G,S,T,K,A,egg,A/Ontario/C575589/2010,K,L,S,G,S,T,K,A,0,0,0,0,0,0,0,0
1380,A/Ontario/C575590/2010-egg,[],[],[],2010.7474332648871,unassigned,K,L,S,G,S,T,K,A,egg,A/Ontario/C575590/2010,K,L,S,G,S,T,K,A,0,0,0,0,0,0,0,0
1381,A/Ontario/C575591/2010-egg,"[u'M168I', u'A304T']",[],[],2010.7446954140999,unassigned,K,L,S,G,S,T,K,A,egg,A/Ontario/C575591/2010,K,L,S,G,S,T,K,A,0,0,0,0,0,0,0,0
1382,A/Ontario/C582093/2010-egg,[],[],[],2010.7556468172484,unassigned,K,L,S,G,S,T,K,A,egg,A/Ontario/C582093/2010,K,L,S,G,S,T,K,A,0,0,0,0,0,0,0,0
1383,A/Ontario/C582096/2010-egg,[],[],[],2010.7501711156742,unassigned,K,L,S,G,S,T,K,A,egg,A/Ontario/C582096/2010,K,L,S,G,S,T,K,A,0,0,0,0,0,0,0,0
1384,A/Ontario/C582144/2010-egg,[],[],[],2010.7529089664613,unassigned,K,L,S,G,S,T,K,A,egg,A/Ontario/C582144/2010,K,L,S,G,S,T,K,A,0,0,0,0,0,0,0,0
1385,A/Ontario/C5828/2011-egg,[],[],[],2011.002737850787,unassigned,K,L,S,G,S,T,K,A,egg,A/Ontario/C5828/2011,K,L,S,G,S,T,K,A,0,0,0,0,0,0,0,0
1386,A/Ontario/C610464/2010-egg,[],[],[],2010.7802874743327,unassigned,K,L,S,G,S,T,K,A,egg,A/Ontario/C610464/2010,K,L,S,G,S,T,K,A,0,0,0,0,0,0,0,0
1387,A/Ontario/C627683/2010-egg,[],[],[],2010.766598220397,unassigned,K,L,S,G,S,T,K,A,egg,A/Ontario/C627683/2010,K,L,S,G,S,T,K,A,0,0,0,0,0,0,0,0
1388,A/Ontario/C653602/2011-egg,[],[],[],2011.0520191649555,unassigned,K,L,S,G,S,T,K,A,egg,A/Ontario/C653602/2011,K,L,S,G,S,T,K,A,0,0,0,0,0,0,0,0
1389,A/Ontario/C687408/2010-egg,[],[],[],2010.8843258042436,unassigned,K,L,S,G,S,T,K,A,egg,A/Ontario/C687408/2010,K,L,S,G,S,T,K,A,0,0,0,0,0,0,0,0
1390,A/Ontario/C687409/2010-egg,[],[],[],2010.8843258042436,unassigned,K,L,S,G,S,T,K,A,egg,A/Ontario/C687409/2010,K,L,S,G,S,T,K,A,0,0,0,0,0,0,0,0
1391,A/Ontario/C698767/2010-egg,[],[],[],2010.8596851471596,unassigned,K,L,S,G,S,T,K,A,egg,A/Ontario/C698767/2010,K,L,S,G,S,T,K,A,0,0,0,0,0,0,0,0
1392,A/Ontario/C706264/2010-egg,[],[],[],2010.8596851471596,unassigned,K,L,S,G,S,T,K,A,egg,A/Ontario/C706264/2010,K,L,S,G,S,T,K,A,0,0,0,0,0,0,0,0
1393,A/Ontario/C706265/2010-egg,[],[],[],2010.8624229979466,unassigned,K,L,S,G,S,T,K,A,egg,A/Ontario/C706265/2010,K,L,S,G,S,T,K,A,0,0,0,0,0,0,0,0
1394,A/Ontario/C720525/2010-egg,[],[],[],2010.8788501026695,unassigned,K,L,S,G,S,T,K,A,egg,A/Ontario/C720525/2010,K,L,S,G,S,T,K,A,0,0,0,0,0,0,0,0
1395,A/Ontario/C720531/2010-egg,[],[],[],2010.8788501026695,unassigned,K,L,S,G,S,T,K,A,egg,A/Ontario/C720531/2010,K,L,S,G,S,T,K,A,0,0,0,0,0,0,0,0
1396,A/Ontario/C728447/2010-egg,"[u'N133D', u'R142G', u'T212A']","[u'K39R', u'N169K', u'V176I']",[],2010.8761122518822,unassigned,K,L,S,G,S,T,K,A,egg,A/Ontario/C728447/2010,K,L,S,G,S,T,K,A,0,0,0,0,0,0,0,0
1397,A/Ontario/C76206/2011-egg,[u'N225D'],[],[],2011.062970568104,unassigned,K,L,S,D,S,T,K,A,egg,A/Ontario/C76206/2011,K,L,S,G,S,T,K,A,0,0,0,1,0,0,0,0
1398,A/Ontario/C835942/2010-egg,[],[],[],2010.9883641341546,unassigned,K,L,S,G,S,T,K,A,egg,A/Ontario/C835942/2010,K,L,S,G,S,T,K,A,0,0,0,0,0,0,0,0
1399,A/Ontario/C835943/2010-egg,[],[],[],2010.9883641341546,unassigned,K,L,S,G,S,T,K,A,egg,A/Ontario/C835943/2010,K,L,S,G,S,T,K,A,0,0,0,0,0,0,0,0
1400,A/Ontario/C835944/2010-egg,[],[],[],2010.9883641341546,unassigned,K,L,S,G,S,T,K,A,egg,A/Ontario/C835944/2010,K,L,S,G,S,T,K,A,0,0,0,0,0,0,0,0
1401,A/Ontario/K4022160/2010-egg,[],[],[],2010.9171800136892,unassigned,K,L,S,G,S,T,K,A,egg,A/Ontario/K4022160/2010,K,L,S,G,S,T,K,A,0,0,0,0,0,0,0,0
1402,A/Ontario/K4023106/2010-egg,[u'T10P'],[],[],2010.9171800136892,unassigned,K,L,S,G,S,T,K,A,egg,A/Ontario/K4023106/2010,K,L,S,G,S,T,K,A,0,0,0,0,0,0,0,0
1403,A/Ontario/K4050772/2010-egg,[],[],[],2010.9253935660506,unassigned,K,L,S,G,S,T,K,A,egg,A/Ontario/K4050772/2010,K,L,S,G,S,T,K,A,0,0,0,0,0,0,0,0
1404,A/Ontario/N91737/2010-egg,[],[],[],2010.7227926078028,unassigned,K,L,S,G,S,T,K,A,egg,A/Ontario/N91737/2010,K,L,S,G,S,T,K,A,0,0,0,0,0,0,0,0
1405,A/Ontario/N91738/2010-egg,[],[],[],2010.7227926078028,unassigned,K,L,S,G,S,T,K,A,egg,A/Ontario/N91738/2010,K,L,S,G,S,T,K,A,0,0,0,0,0,0,0,0
1406,A/Ontario/P21546/2010-egg,[],[],[],2010.7693360711842,unassigned,K,L,S,G,S,T,K,A,egg,A/Ontario/P21546/2010,K,L,S,G,S,T,K,A,0,0,0,0,0,0,0,0
1407,A/Ontario/P21548/2010-egg,[],[],[],2010.7693360711842,unassigned,K,L,S,G,S,T,K,A,egg,A/Ontario/P21548/2010,K,L,S,G,S,T,K,A,0,0,0,0,0,0,0,0
1408,A/Ontario/R3296/2011-egg,[],[u'I149L'],[],2011.065708418891,unassigned,K,L,S,G,S,T,K,A,egg,A/Ontario/R3296/2011,K,L,S,G,S,T,K,A,0,0,0,0,0,0,0,0
1414,A/Ontario/U10611/2010-egg,[u'D291E'],[u'K139T'],[],2010.602327173169,unassigned,K,L,S,G,S,T,K,A,egg,A/Ontario/U10611/2010,K,L,S,G,S,T,K,A,0,0,0,0,0,0,0,0
1441,A/Parana/481/2017-egg,[u'T283S'],[],[],2017.4106776180697,A2,T,L,S,D,S,T,K,A,egg,A/Parana/481/2017,T,L,S,D,S,T,K,A,0,0,0,0,0,0,0,0
1442,A/Parana/484/2017-egg,[],[],[u'V4I'],2017.4271047227926,A1,T,L,S,D,S,T,K,A,egg,A/Parana/484/2017,T,L,S,D,S,T,K,A,0,0,0,0,0,0,0,0
1443,A/Parana/717/2017-egg,"[u'H56Y', u'S262N']",[],[u'L13M'],2017.520191649555,A1,T,L,S,D,S,T,K,A,egg,A/Parana/717/2017,T,L,S,D,S,T,K,A,0,0,0,0,0,0,0,0
1452,A/Pennsylvania/15/2010-egg,[],[],[],2010.72553045859,unassigned,K,L,S,G,S,T,K,A,egg,A/Pennsylvania/15/2010,K,L,S,G,S,T,K,A,0,0,0,0,0,0,0,0
1458,A/Pennsylvania/8/2013-egg,"[u'G186V', u'S219Y']",[],[],2013.7611225188227,3c3,K,L,V,G,Y,T,K,A,egg,A/Pennsylvania/8/2013,K,L,S,G,S,T,K,A,0,0,1,0,1,0,0,0
1461,A/Pennsylvania/9/2012-egg,[u'L194P'],[],[],2012.3039014373717,3c,K,P,S,G,S,T,K,A,egg,A/Pennsylvania/9/2012,K,L,S,G,S,T,K,A,0,1,0,0,0,0,0,0
1462,A/Pennsylvania/CHOP10/2012-egg,[],[],[],2012.766598220397,3c,K,L,S,G,S,T,K,A,egg,A/Pennsylvania/CHOP10/2012,K,L,S,G,S,T,K,A,0,0,0,0,0,0,0,0
1464,A/Pennsylvania/CHOP3/2013-egg,[],[],[],2013.024640657084,3c,K,L,S,G,S,T,K,A,egg,A/Pennsylvania/CHOP3/2013,K,L,S,G,S,T,K,A,0,0,0,0,0,0,0,0
1465,A/Pennsylvania/CHOP5/2013-egg,[u'S312N'],[],[],2013.0903490759754,3c,K,L,S,G,S,T,K,A,egg,A/Pennsylvania/CHOP5/2013,K,L,S,G,S,T,K,A,0,0,0,0,0,0,0,0
1469,A/Pennsylvania/CHOP9/2013-egg,[],[],[],2013.1642710472279,3c3,K,L,S,G,S,T,K,A,egg,A/Pennsylvania/CHOP9/2013,K,L,S,G,S,T,K,A,0,0,0,0,0,0,0,0
1472,A/Perth/10/2010-egg,[],[],[],2010.394250513347,unassigned,K,L,S,G,S,T,K,A,egg,A/Perth/10/2010,K,L,S,G,S,T,K,A,0,0,0,0,0,0,0,0
1475,A/Perth/15/2009-egg,[],[],[],2009.2628336755647,unassigned,K,L,S,G,S,T,K,A,egg,A/Perth/15/2009,K,L,S,G,S,T,K,A,0,0,0,0,0,0,0,0
1478,A/Perth/16/2009-egg,[],[],[],2009.2628336755647,unassigned,K,L,S,G,S,T,K,A,egg,A/Perth/16/2009,K,L,S,G,S,T,K,A,0,0,0,0,0,0,0,0
1479,A/Perth/2/2014-egg,[u'S219Y'],[],[],2014.0,3c3,K,L,V,G,Y,T,K,A,egg,A/Perth/2/2014,K,L,S,G,S,T,K,A,0,0,1,0,1,0,0,0
1481,A/Perth/239/2013-egg,[u'T203I'],[],[],2013.7337440109513,3c,K,P,S,G,S,I,K,A,egg,A/Perth/239/2013,K,L,S,G,S,T,K,A,0,1,0,0,0,1,0,0
1487,A/Perth/4/2008-egg,[],[],[],2008.2354551676933,unassigned,K,L,V,G,S,T,K,A,egg,A/Perth/4/2008,K,L,S,G,S,T,K,A,0,0,1,0,0,0,0,0
1489,A/Perth/5/2008-egg,[],[],[],2008.2162902121834,unassigned,K,P,S,G,S,T,K,A,egg,A/Perth/5/2008,K,L,S,G,S,T,K,A,0,1,0,0,0,0,0,0
1492,A/Perth/501/2010-egg,[u'L194P'],[],[],2010.3805612594113,unassigned,K,P,S,G,S,T,K,A,egg,A/Perth/501/2010,K,L,S,G,S,T,K,A,0,1,0,0,0,0,0,0
1509,A/Philippines/2191/2009-egg,[],[],[],2009.3969883641341,unassigned,K,P,S,G,S,T,K,A,egg,A/Philippines/2191/2009,K,L,S,G,S,T,K,A,0,1,0,0,0,0,0,0
1514,A/Piaui/494713/2017-egg,[],[],[],2017.2518822724162,A1,T,L,S,D,S,T,K,A,egg,A/Piaui/494713/2017,T,L,S,D,S,T,K,A,0,0,0,0,0,0,0,0
1515,A/Piaui/507920/2017-egg,[],[u'K174R'],[],2017.3093771389458,A1,T,L,S,D,S,T,K,A,egg,A/Piaui/507920/2017,T,L,S,D,S,T,K,A,0,0,0,0,0,0,0,0
1526,A/PuertoRico/36/2011-egg,"[u'A196T', u'N246H']",[],[],2011.8843258042436,unassigned,K,L,S,G,S,T,K,A,egg,A/PuertoRico/36/2011,K,L,S,G,S,T,K,A,0,0,0,0,0,0,0,0
1531,A/Qingdao/505/2009-egg,"[u'F147L', u'T283A', u'P293S']",[],[u'L13M'],2009.6488706365503,unassigned,K,L,S,G,S,T,K,A,egg,A/Qingdao/505/2009,K,L,S,G,S,T,K,A,0,0,0,0,0,0,0,0
1532,A/Qingdao/522/2009-egg,[],[u'T59A'],[],2009.6652977412732,unassigned,K,L,S,G,S,T,K,A,egg,A/Qingdao/522/2009,K,L,S,G,S,T,K,A,0,0,0,0,0,0,0,0
1541,A/RhodeIsland/1/2010-egg,"[u'H183L', u'D188Y']",[],[],2010.0684462696784,unassigned,K,L,S,G,S,T,K,A,egg,A/RhodeIsland/1/2010,K,L,S,G,S,T,K,A,0,0,0,0,0,0,0,0
1543,A/RhodeIsland/1/2018-egg,[],[],[],2018.0054757015744,A2/re,K,P,S,D,S,T,K,A,egg,A/RhodeIsland/1/2018,T,L,S,D,S,T,K,A,1,1,0,0,0,0,0,0
1549,A/RioGrandedoSul/663/2017-egg,[],[],[],2017.520191649555,A1b/135K,T,L,S,D,S,T,K,A,egg,A/RioGrandedoSul/663/2017,T,L,S,D,S,T,K,A,0,0,0,0,0,0,0,0
1550,A/RioGrandedoSul/667/2017-egg,[],[],[],2017.5448323066394,A1a,T,L,S,D,S,T,K,A,egg,A/RioGrandedoSul/667/2017,T,L,S,D,S,T,K,A,0,0,0,0,0,0,0,0
1551,A/Romania/205950/2016-egg,[],[],[],2016.955509924709,A1a,T,L,S,D,S,T,K,A,egg,A/Romania/205950/2016,T,L,S,D,S,T,K,A,0,0,0,0,0,0,0,0
1552,A/Romania/206417/2017-egg,[],[u'V161M'],[],2017.0082135523614,A1a,T,L,S,D,S,T,K,A,egg,A/Romania/206417/2017,T,L,S,D,S,T,K,A,0,0,0,0,0,0,0,0
1553,A/Romania/206784/2017-egg,[u'Y302H'],[],[],2017.0301163586585,A3,T,L,S,D,S,T,K,A,egg,A/Romania/206784/2017,T,L,S,D,S,T,K,A,0,0,0,0,0,0,0,0
1554,A/Romania/207297/2017-egg,[u'I192T'],[],[],2017.0547570157426,A3,T,L,S,D,S,T,K,A,egg,A/Romania/207297/2017,T,L,S,D,S,T,K,A,0,0,0,0,0,0,0,0
1555,A/Romania/207793/2017-egg,[],[],[],2017.104038329911,A1a,T,L,S,D,S,T,K,A,egg,A/Romania/207793/2017,T,L,S,D,S,T,K,A,0,0,0,0,0,0,0,0
1556,A/Romania/208407/2017-egg,[],[],[],2017.1368925393565,A1a,T,L,S,D,S,T,K,A,egg,A/Romania/208407/2017,T,L,S,D,S,T,K,A,0,0,0,0,0,0,0,0
1557,A/Romania/208461/2017-egg,[u'D53N'],[],[],2017.1368925393565,A1b,T,L,S,D,S,T,K,A,egg,A/Romania/208461/2017,T,L,S,D,S,T,K,A,0,0,0,0,0,0,0,0
1558,A/Romania/225758/2018-egg,[],[],[],2018.1834360027378,A2/re,T,L,S,D,S,T,K,A,egg,A/Romania/225758/2018,T,L,S,D,S,T,K,A,0,0,0,0,0,0,0,0
1560,A/Romania/225833/2018-egg,[],[],[],2018.2683093771388,A1b/135K,T,L,S,D,S,T,K,A,egg,A/Romania/225833/2018,T,L,S,D,S,T,K,A,0,0,0,0,0,0,0,0
1561,A/Romania/3784-3835/2016-egg,[u'T65S'],[],[],2016.993839835729,A1a,T,L,S,D,S,T,K,A,egg,A/Romania/3784-3835/2016,T,L,S,D,S,T,K,A,0,0,0,0,0,0,0,0
1563,A/Rondonia/18925/2015-egg,"[u'L59I', u'K83R', u'S312N']",[],[],2015.1916495550993,3c3,K,L,S,G,S,T,K,A,egg,A/Rondonia/18925/2015,K,L,S,G,S,T,K,A,0,0,0,0,0,0,0,0
1564,A/Rondonia/50872/2013-egg,[u'V309I'],[],[],2013.4435318275155,3c,K,L,S,G,S,T,K,A,egg,A/Rondonia/50872/2013,K,L,S,G,S,T,K,A,0,0,0,0,0,0,0,0
1565,A/Rondonia/5266/2015-egg,"[u'L244F', u'I245F', u'A253G', u'P254C']",[],[],2015.0793976728269,3c3,K,L,S,G,S,T,K,A,egg,A/Rondonia/5266/2015,K,L,S,G,S,T,K,A,0,0,0,0,0,0,0,0
1566,A/Rondonia/53925/2015-egg,[],[],[],2015.435318275154,3c2.A,T,L,S,D,S,T,K,A,egg,A/Rondonia/53925/2015,T,L,S,D,S,T,K,A,0,0,0,0,0,0,0,0
1567,A/Rondonia/9097/2015-egg,[],[],[],2015.104038329911,3c3,K,L,S,G,S,T,K,A,egg,A/Rondonia/9097/2015,K,L,S,G,S,T,K,A,0,0,0,0,0,0,0,0
1577,A/Saitama/103/2014-egg,[],[u'H106L'],[],2014.8761122518822,3c2.A,T,L,S,D,S,T,K,A,egg,A/Saitama/103/2014,T,L,S,D,S,T,K,A,0,0,0,0,0,0,0,0
1586,A/SantaCatarina/141/2017-egg,[],[],[],2017.2108145106092,A1b,T,L,S,D,S,T,K,A,egg,A/SantaCatarina/141/2017,T,L,S,D,S,T,K,A,0,0,0,0,0,0,0,0
1588,A/SantaCatarina/479/2017-egg,[],[],[],2017.413415468857,A1b,T,L,S,D,S,T,K,A,egg,A/SantaCatarina/479/2017,T,L,S,D,S,T,K,A,0,0,0,0,0,0,0,0
1597,A/SaoPaulo/10-22878/2015-egg,[],[],[],2015.495550992471,3c3.A,K,L,S,D,S,T,K,S,egg,A/SaoPaulo/10-22878/2015,K,L,S,D,S,T,K,S,0,0,0,0,0,0,0,0
1598,A/SaoPaulo/10-23958/2015-egg,[],[],[],2015.5503080082135,3c2.A,T,L,S,D,S,T,K,A,egg,A/SaoPaulo/10-23958/2015,T,L,S,D,S,T,K,A,0,0,0,0,0,0,0,0
1599,A/SaoPaulo/10-38324/2013-egg,[],[],[],2013.8459958932237,3c3,K,L,S,G,S,T,K,A,egg,A/SaoPaulo/10-38324/2013,K,L,S,G,S,T,K,A,0,0,0,0,0,0,0,0
1600,A/SaoPaulo/1044167/2017-egg,[u'P21S'],[],[],2017.908966461328,A2/re,T,L,S,D,S,T,K,A,egg,A/SaoPaulo/1044167/2017,T,L,S,D,S,T,K,A,0,0,0,0,0,0,0,0
1601,A/SaoPaulo/1054970/2017-egg,[],[],[],2017.9281314168377,A2,T,L,S,D,S,T,K,A,egg,A/SaoPaulo/1054970/2017,T,L,S,D,S,T,K,A,0,0,0,0,0,0,0,0
1602,A/SaoPaulo/10774/2014-egg,[],[u'N95K'],[],2014.1341546885694,3c3,K,L,S,G,S,T,K,A,egg,A/SaoPaulo/10774/2014,K,L,S,G,S,T,K,A,0,0,0,0,0,0,0,0
1603,A/SaoPaulo/11-29688/2013-egg,[],[],[],2013.9390828199862,3c3,K,L,S,G,S,T,K,A,egg,A/SaoPaulo/11-29688/2013,K,L,S,G,S,T,K,A,0,0,0,0,0,0,0,0
1605,A/SaoPaulo/11199/2014-egg,"[u'G5R', u'V112I', u'A128V']",[],[],2014.1368925393565,3c3,K,L,S,G,S,T,K,A,egg,A/SaoPaulo/11199/2014,K,L,S,G,S,T,K,A,0,0,0,0,0,0,0,0
1606,A/SaoPaulo/12-10904/2015-egg,[u'T135K'],[u'K123R'],[],2015.3039014373717,3c2.A,T,L,S,D,S,T,K,A,egg,A/SaoPaulo/12-10904/2015,T,L,S,D,S,T,K,A,0,0,0,0,0,0,0,0
1607,A/SaoPaulo/12-11416/2015-egg,[],[],[],2015.4216290212185,3c2.A,T,L,S,D,S,T,K,A,egg,A/SaoPaulo/12-11416/2015,T,L,S,D,S,T,K,A,0,0,0,0,0,0,0,0
1608,A/SaoPaulo/12-11656/2015-egg,[],[],[],2015.4928131416839,3c2.A,T,L,S,D,S,T,K,A,egg,A/SaoPaulo/12-11656/2015,T,L,S,D,S,T,K,A,0,0,0,0,0,0,0,0
1609,A/SaoPaulo/12-15454/2014-egg,[u'K83N'],[],[],2014.7693360711842,3c2.A,T,L,S,D,S,T,K,A,egg,A/SaoPaulo/12-15454/2014,T,L,S,D,S,T,K,A,0,0,0,0,0,0,0,0
1610,A/SaoPaulo/13-13137/2013-egg,[],[u'I219V'],[],2013.5557837097879,3c3,K,L,S,G,S,T,K,A,egg,A/SaoPaulo/13-13137/2013,K,L,S,G,S,T,K,A,0,0,0,0,0,0,0,0
1611,A/SaoPaulo/13-8806/2015-egg,[],[],[],2015.7967145790553,3c2.A,T,L,S,D,S,T,K,A,egg,A/SaoPaulo/13-8806/2015,T,L,S,D,S,T,K,A,0,0,0,0,0,0,0,0
1612,A/SaoPaulo/17028/2014-egg,[],[],[],2014.1971252566734,3c3,K,L,S,G,S,T,K,A,egg,A/SaoPaulo/17028/2014,K,L,S,G,S,T,K,A,0,0,0,0,0,0,0,0
1613,A/SaoPaulo/2-18547/2015-egg,[u'V309I'],[],[],2015.6516084873374,3c2.A,T,L,S,D,S,T,K,A,egg,A/SaoPaulo/2-18547/2015,T,L,S,D,S,T,K,A,0,0,0,0,0,0,0,0
1614,A/SaoPaulo/2-25786/2014-egg,[],[],[],2014.8596851471596,3c3,K,L,S,G,S,T,K,A,egg,A/SaoPaulo/2-25786/2014,K,L,S,G,S,T,K,A,0,0,0,0,0,0,0,0
1615,A/SaoPaulo/20448/2015-egg,[],[],[],2015.186173853525,3c2.A,T,L,S,D,S,T,K,A,egg,A/SaoPaulo/20448/2015,T,L,S,D,S,T,K,A,0,0,0,0,0,0,0,0
1616,A/SaoPaulo/22768/2014-egg,"[u'R33Q', u'V323I']",[],[],2014.2436687200548,3c3,K,L,S,G,S,T,K,A,egg,A/SaoPaulo/22768/2014,K,L,S,G,S,T,K,A,0,0,0,0,0,0,0,0
1617,A/SaoPaulo/22930/2014-egg,[u'I242R'],[],[],2014.2327173169062,3c3,K,L,S,G,S,T,K,A,egg,A/SaoPaulo/22930/2014,K,L,S,G,S,T,K,A,0,0,0,0,0,0,0,0
1618,A/SaoPaulo/2932/2014-egg,[],[],[],2014.03832991102,3c3,K,L,S,G,S,T,K,A,egg,A/SaoPaulo/2932/2014,K,L,S,G,S,T,K,A,0,0,0,0,0,0,0,0
1619,A/SaoPaulo/3-24357/2014-egg,"[u'I25M', u'N225D']",[],[],2014.3668720054757,3c3,K,L,S,D,S,T,K,A,egg,A/SaoPaulo/3-24357/2014,K,L,S,G,S,T,K,A,0,0,0,1,0,0,0,0
1620,A/SaoPaulo/3-24386/2014-egg,[],[],[],2014.3778234086242,3c3,K,L,S,G,S,T,K,A,egg,A/SaoPaulo/3-24386/2014,K,L,S,G,S,T,K,A,0,0,0,0,0,0,0,0
1621,A/SaoPaulo/3-29553/2014-egg,[],[],[],2014.495550992471,3c3,K,L,S,G,S,T,K,A,egg,A/SaoPaulo/3-29553/2014,K,L,S,G,S,T,K,A,0,0,0,0,0,0,0,0
1622,A/SaoPaulo/3-32002/2015-egg,[],[],[],2015.3860369609856,3c2.A,T,L,S,D,S,T,K,A,egg,A/SaoPaulo/3-32002/2015,T,L,S,D,S,T,K,A,0,0,0,0,0,0,0,0
1623,A/SaoPaulo/3-34891/2014-egg,[u'T10A'],"[u'R163F', u'D164V', u'E165K', u'A166P', u'L167R', u'N168D', u'N169G', u'R170W', u'F171Y', u'Q172X', u'I173V', u'K174G', u'G175R', u'V176D', u'E177K', u'L178M', u'K179X', u'S180X', u'G181X', u'Y182X', u'K183X', u'D184X', u'W185X', u'I186X', u'L187X', u'W188X', u'I189X', u'S190X', u'F191X', u'A192X', u'I193X', u'S194X', u'C195X', u'F196X', u'L197X', u'L198X', u'C199X', u'V200X', u'A201X', u'L202X', u'L203X', u'G204X', u'F205X', u'I206X', u'M207X', u'W208X', u'A209X', u'C210X', u'Q211X', u'K212X', u'G213X', u'N214X', u'I215A']",[],2014.7638603696098,3c3,K,L,S,G,S,T,K,A,egg,A/SaoPaulo/3-34891/2014,K,L,S,G,S,T,K,A,0,0,0,0,0,0,0,0
1624,A/SaoPaulo/3-37389/2015-egg,[],[],[],2015.72553045859,3c2.A,T,L,S,D,S,T,K,A,egg,A/SaoPaulo/3-37389/2015,T,L,S,D,S,T,K,A,0,0,0,0,0,0,0,0
1625,A/SaoPaulo/340809/2016-egg,"[u'C14L', u'L15P', u'G16W', u'H17A']","[u'L187Q', u'C195G', u'L203W']",[],2016.6817248459959,A3,T,L,S,D,S,T,K,A,egg,A/SaoPaulo/340809/2016,T,L,S,D,S,T,K,A,0,0,0,0,0,0,0,0
1626,A/SaoPaulo/34136/2014-egg,[],[u'S71L'],[],2014.2874743326488,3c3,K,L,S,G,S,T,K,A,egg,A/SaoPaulo/34136/2014,K,L,S,G,S,T,K,A,0,0,0,0,0,0,0,0
1627,A/SaoPaulo/348596/2016-egg,[u'I245F'],[],[],2016.6680355920603,A1,T,L,S,D,S,T,K,A,egg,A/SaoPaulo/348596/2016,T,L,S,D,S,T,K,A,0,0,0,0,0,0,0,0
1628,A/SaoPaulo/38433/2015-egg,[],[],[],2015.2874743326488,3c2.A,T,L,S,D,S,T,K,A,egg,A/SaoPaulo/38433/2015,T,L,S,D,S,T,K,A,0,0,0,0,0,0,0,0
1629,A/SaoPaulo/4-21208/2015-egg,[],[],[u'L7V'],2015.7748117727583,3c2.A,T,L,S,D,S,T,K,A,egg,A/SaoPaulo/4-21208/2015,T,L,S,D,S,T,K,A,0,0,0,0,0,0,0,0
1630,A/SaoPaulo/446890/2017-egg,[u'N96H'],[],[],2017.1368925393565,A1,T,L,S,D,S,T,K,A,egg,A/SaoPaulo/446890/2017,T,L,S,D,S,T,K,A,0,0,0,0,0,0,0,0
1631,A/SaoPaulo/461770/2017-egg,[],[u'A147T'],[],2017.1752224503764,A1b,T,L,S,D,S,T,K,A,egg,A/SaoPaulo/461770/2017,T,L,S,D,S,T,K,A,0,0,0,0,0,0,0,0
1632,A/SaoPaulo/46667/2015-egg,[],[],[u'L13M'],2015.3422313483916,3c2.A,T,L,S,D,S,T,K,A,egg,A/SaoPaulo/46667/2015,T,L,S,D,S,T,K,A,0,0,0,0,0,0,0,0
1633,A/SaoPaulo/496292/2017-egg,[],[u'C195S'],[],2017.2819986310747,A1b,T,L,S,D,S,T,K,A,egg,A/SaoPaulo/496292/2017,T,L,S,D,S,T,K,A,0,0,0,0,0,0,0,0
1634,A/SaoPaulo/5-13834/2014-egg,[],[],[],2014.5311430527036,3c3,K,L,S,G,S,T,K,A,egg,A/SaoPaulo/5-13834/2014,K,L,S,G,S,T,K,A,0,0,0,0,0,0,0,0
1635,A/SaoPaulo/510173/2017-egg,"[u'C14G', u'R92K']","[u'L187Q', u'I189F', u'S190P', u'F191L', u'A192P', u'C195G']",[],2017.3477070499657,A1b,T,L,S,D,S,T,K,A,egg,A/SaoPaulo/510173/2017,T,L,S,D,S,T,K,A,0,0,0,0,0,0,0,0
1636,A/SaoPaulo/510403/2017-egg,[],[],[],2017.3477070499657,A1,T,L,S,D,S,T,K,A,egg,A/SaoPaulo/510403/2017,T,L,S,D,S,T,K,A,0,0,0,0,0,0,0,0
1637,A/SaoPaulo/5129/2014-egg,[],[],[],2014.0766598220398,3c3,K,L,S,G,S,T,K,A,egg,A/SaoPaulo/5129/2014,K,L,S,G,S,T,K,A,0,0,0,0,0,0,0,0
1638,A/SaoPaulo/52081/2015-egg,[],[],[],2015.4052019164956,3c3.A,K,L,S,D,S,T,K,S,egg,A/SaoPaulo/52081/2015,K,L,S,D,S,T,K,S,0,0,0,0,0,0,0,0
1639,A/SaoPaulo/52727/2015-egg,[],[],[],2015.432580424367,3c2.A,T,L,S,D,S,T,K,A,egg,A/SaoPaulo/52727/2015,T,L,S,D,S,T,K,A,0,0,0,0,0,0,0,0
1640,A/SaoPaulo/535746/2017-egg,[],[],[],2017.432580424367,A1b,T,L,S,D,S,T,K,A,egg,A/SaoPaulo/535746/2017,T,L,S,D,S,T,K,A,0,0,0,0,0,0,0,0
1641,A/SaoPaulo/53699/2013-egg,[],[],[],2013.4818617385351,3c3,K,L,S,G,S,T,K,A,egg,A/SaoPaulo/53699/2013,K,L,S,G,S,T,K,A,0,0,0,0,0,0,0,0
1642,A/SaoPaulo/53849/2014-egg,[],[],[],2014.4188911704312,3c3,K,L,S,G,S,T,K,A,egg,A/SaoPaulo/53849/2014,K,L,S,G,S,T,K,A,0,0,0,0,0,0,0,0
1643,A/SaoPaulo/53873/2013-egg,[],[],[],2013.495550992471,3c3,K,L,S,G,S,T,K,A,egg,A/SaoPaulo/53873/2013,K,L,S,G,S,T,K,A,0,0,0,0,0,0,0,0
1644,A/SaoPaulo/54274/2014-egg,[],[],[],2014.4271047227926,3c3,K,L,S,G,S,T,K,A,egg,A/SaoPaulo/54274/2014,K,L,S,G,S,T,K,A,0,0,0,0,0,0,0,0
1645,A/SaoPaulo/591445/2017-egg,[],[],[],2017.6570841889118,A2/re,T,L,S,D,S,T,K,A,egg,A/SaoPaulo/591445/2017,T,L,S,D,S,T,K,A,0,0,0,0,0,0,0,0
1646,A/SaoPaulo/593870/2017-egg,[u'K259E'],[],[],2017.6570841889118,A3,T,L,S,D,S,T,K,A,egg,A/SaoPaulo/593870/2017,T,L,S,D,S,T,K,A,0,0,0,0,0,0,0,0
1647,A/SaoPaulo/6-726/2015-egg,[u'H156Q'],[],[u'A16T'],2015.041067761807,3c2.A,T,L,S,D,S,T,Q,A,egg,A/SaoPaulo/6-726/2015,T,L,S,D,S,T,K,A,0,0,0,0,0,0,1,0
1648,A/SaoPaulo/60985/2015-egg,[u'I3X'],[],[],2015.5475701574264,3c2.A,T,L,S,D,S,T,K,A,egg,A/SaoPaulo/60985/2015,T,L,S,D,S,T,K,A,0,0,0,0,0,0,0,0
1649,A/SaoPaulo/61282/2015-egg,[],"[u'C195X', u'K212X']",[],2015.5530458590006,3c2.A,T,L,S,D,S,T,K,A,egg,A/SaoPaulo/61282/2015,T,L,S,D,S,T,K,A,0,0,0,0,0,0,0,0
1650,A/SaoPaulo/614558/2017-egg,[u'R220K'],[],[],2017.7364818617386,A2/re,T,L,S,D,S,T,K,A,egg,A/SaoPaulo/614558/2017,T,L,S,D,S,T,K,A,0,0,0,0,0,0,0,0
1651,A/SaoPaulo/61715/2013-egg,[],[u'L98I'],[],2013.583162217659,3c3,K,L,S,G,S,T,K,A,egg,A/SaoPaulo/61715/2013,K,L,S,G,S,T,K,A,0,0,0,0,0,0,0,0
1652,A/SaoPaulo/625769/2017-egg,[],[],[],2017.7583846680357,A2/re,T,L,S,D,S,T,K,A,egg,A/SaoPaulo/625769/2017,T,L,S,D,S,T,K,A,0,0,0,0,0,0,0,0
1653,A/SaoPaulo/65194/2015-egg,[],[u'Q211X'],[],2015.6078028747434,3c2.A,T,L,S,D,S,T,K,A,egg,A/SaoPaulo/65194/2015,T,L,S,D,S,T,K,A,0,0,0,0,0,0,0,0
1654,A/SaoPaulo/662138/2017-egg,[],[],[],2017.8980150581792,A2/re,T,L,S,D,S,T,K,A,egg,A/SaoPaulo/662138/2017,T,L,S,D,S,T,K,A,0,0,0,0,0,0,0,0
1655,A/SaoPaulo/669992/2017-egg,[],[],[],2017.9281314168377,A2/re,T,L,S,D,S,T,K,A,egg,A/SaoPaulo/669992/2017,T,L,S,D,S,T,K,A,0,0,0,0,0,0,0,0
1656,A/SaoPaulo/690385/2018-egg,"[u'N31D', u'S265G']",[u'A101T'],[],2018.024640657084,A1a,T,L,S,D,S,T,K,A,egg,A/SaoPaulo/690385/2018,T,L,S,D,S,T,K,A,0,0,0,0,0,0,0,0
1657,A/SaoPaulo/691063/2018-egg,[u'T12M'],[],[],2018.0301163586585,A2/re,T,L,S,D,S,T,K,A,egg,A/SaoPaulo/691063/2018,T,L,S,D,S,T,K,A,0,0,0,0,0,0,0,0
1658,A/SaoPaulo/7-6864/2014-egg,[],[],[],2014.435318275154,3c3,K,L,S,G,S,T,K,A,egg,A/SaoPaulo/7-6864/2014,K,L,S,G,S,T,K,A,0,0,0,0,0,0,0,0
1659,A/SaoPaulo/706496/2018-egg,[u'H17P'],[u'C195S'],[],2018.084873374401,A2,T,L,S,D,S,T,K,A,egg,A/SaoPaulo/706496/2018,T,L,S,D,S,T,K,A,0,0,0,0,0,0,0,0
1660,A/SaoPaulo/72317/2015-egg,[],[],[],2015.72553045859,3c2.A,T,L,S,D,S,T,K,A,egg,A/SaoPaulo/72317/2015,T,L,S,D,S,T,K,A,0,0,0,0,0,0,0,0
1661,A/SaoPaulo/72626/2014-egg,"[u'S95T', u'N96S']",[],[],2014.6187542778919,3c3,K,L,S,G,S,T,K,A,egg,A/SaoPaulo/72626/2014,K,L,S,G,S,T,K,A,0,0,0,0,0,0,0,0
1662,A/SaoPaulo/733190/2018-egg,[u'N122T'],[],[],2018.1752224503764,A2,T,L,S,D,S,T,K,A,egg,A/SaoPaulo/733190/2018,T,L,S,D,S,T,K,A,0,0,0,0,0,0,0,0
1663,A/SaoPaulo/734612/2018-egg,[],[],[],2018.1779603011637,A1b/135K,T,L,S,D,S,T,K,A,egg,A/SaoPaulo/734612/2018,T,L,S,D,S,T,K,A,0,0,0,0,0,0,0,0
1664,A/SaoPaulo/76607/2015-egg,"[u'Q57H', u'E119D']",[],[],2015.7830253251198,3c2.A,T,L,S,D,S,T,K,A,egg,A/SaoPaulo/76607/2015,T,L,S,D,S,T,K,A,0,0,0,0,0,0,0,0
1665,A/SaoPaulo/88083/2013-egg,[],"[u'N95R', u'A96S']",[],2013.9007529089665,3c3,K,L,S,G,S,T,K,A,egg,A/SaoPaulo/88083/2013,K,L,S,G,S,T,K,A,0,0,0,0,0,0,0,0
1666,A/SaoPaulo/9-130/2014-egg,[u'I192S'],[],[],2014.955509924709,3c3,K,L,S,G,S,T,K,A,egg,A/SaoPaulo/9-130/2014,K,L,S,G,S,T,K,A,0,0,0,0,0,0,0,0
1667,A/SaoPaulo/9-134/2014-egg,[u'H94Q'],[],[],2014.952772073922,3c2.A,T,L,S,D,S,T,K,A,egg,A/SaoPaulo/9-134/2014,T,L,S,D,S,T,K,A,0,0,0,0,0,0,0,0
1668,A/SaoPaulo/9-1757/2015-egg,[],[],[],2015.1067761806983,3c2.A,T,L,S,D,S,T,K,A,egg,A/SaoPaulo/9-1757/2015,T,L,S,D,S,T,K,A,0,0,0,0,0,0,0,0
1669,A/SaoPaulo/913733/2017-egg,[],[],[],2017.6351813826147,A1,T,L,S,D,S,T,K,A,egg,A/SaoPaulo/913733/2017,T,L,S,D,S,T,K,A,0,0,0,0,0,0,0,0
1670,A/SaoPaulo/95739/2014-egg,[],[],[],2014.9363449691991,3c3,K,L,S,G,S,T,K,A,egg,A/SaoPaulo/95739/2014,K,L,S,G,S,T,K,A,0,0,0,0,0,0,0,0
1671,A/SaoPaulo/9879/2014-egg,[],[u'V176I'],[],2014.123203285421,3c3,K,L,S,G,S,T,K,A,egg,A/SaoPaulo/9879/2014,K,L,S,G,S,T,K,A,0,0,0,0,0,0,0,0
1672,A/Saopaulo/603559/2017-egg,[u'E50K'],[],[],2017.7036276522929,A2/re,T,L,S,D,S,T,K,A,egg,A/Saopaulo/603559/2017,T,L,S,D,S,T,K,A,0,0,0,0,0,0,0,0
1701,A/Shaanxi-Hanbin/11305/2016-egg,[],[],[],2016.971937029432,A2,T,L,S,D,S,T,K,A,egg,A/Shaanxi-Hanbin/11305/2016,T,L,S,D,S,T,K,A,0,0,0,0,0,0,0,0
1706,A/Shandong-Laicheng/1763/2016-egg,"[u'I140M', u'G186I', u'I214T', u'D225G', u'N246H']",[],[],2016.9472963723476,3c3.A,K,L,I,G,S,T,K,S,egg,A/Shandong-Laicheng/1763/2016,K,L,S,D,S,T,K,S,0,0,1,1,0,0,0,0
1722,A/ShanghaiLuwan/188/2011-egg,[],[],[],2011.1204654346338,unassigned,K,L,S,G,S,T,K,A,egg,A/ShanghaiLuwan/188/2011,K,L,S,G,S,T,K,A,0,0,0,0,0,0,0,0
1736,A/Singapore/21/2008-egg,[],[],[],2008.3340177960301,unassigned,K,P,S,G,S,T,K,A,egg,A/Singapore/21/2008,K,L,S,G,S,T,K,A,0,1,0,0,0,0,0,0
1738,A/Singapore/215/2008-egg,[],[],[],2008.0958247775495,unassigned,K,P,S,G,S,T,K,A,egg,A/Singapore/215/2008,K,L,S,G,S,T,K,A,0,1,0,0,0,0,0,0
1740,A/Singapore/22/2012-egg,[u'G186V'],[],[],2012.4298425735797,3c,K,L,V,G,S,T,K,A,egg,A/Singapore/22/2012,K,L,S,G,S,T,K,A,0,0,1,0,0,0,0,0
1744,A/Singapore/C2009485a/2009-egg,[],[],[],2009.4818617385351,unassigned,K,L,S,G,S,T,K,A,egg,A/Singapore/C2009485a/2009,K,L,S,G,S,T,K,A,0,0,0,0,0,0,0,0
1746,A/Singapore/C2009485b/2009-egg,[],[],[],2009.4818617385351,unassigned,K,L,S,G,S,T,K,A,egg,A/Singapore/C2009485b/2009,K,L,S,G,S,T,K,A,0,0,0,0,0,0,0,0
1748,A/Singapore/C2009515/2009-egg,[],[],[],2009.5119780971936,unassigned,K,L,S,G,S,T,K,A,egg,A/Singapore/C2009515/2009,K,L,S,G,S,T,K,A,0,0,0,0,0,0,0,0
1750,A/Singapore/C2009863/2009-egg,[],[],[],2009.8596851471596,unassigned,K,L,S,G,S,T,K,A,egg,A/Singapore/C2009863/2009,K,L,S,G,S,T,K,A,0,0,0,0,0,0,0,0
1752,A/Singapore/C2011173/2011-egg,[],[],[],2011.1697467488023,unassigned,K,L,S,G,S,T,K,A,egg,A/Singapore/C2011173/2011,K,L,S,G,S,T,K,A,0,0,0,0,0,0,0,0
1754,A/Singapore/C2011244/2011-egg,[],[],[],2011.2409308692677,3c,K,L,S,G,S,T,K,A,egg,A/Singapore/C2011244/2011,K,L,S,G,S,T,K,A,0,0,0,0,0,0,0,0
1755,A/Singapore/C2011301/2011-egg,[],[],[],2011.2984257357973,3b,K,L,S,G,S,T,K,A,egg,A/Singapore/C2011301/2011,K,L,S,G,S,T,K,A,0,0,0,0,0,0,0,0
1757,A/Singapore/C2011384/2011-egg,[],[],[],2011.3805612594113,3b,K,L,S,G,S,T,K,A,egg,A/Singapore/C2011384/2011,K,L,S,G,S,T,K,A,0,0,0,0,0,0,0,0
1759,A/Singapore/C2011411/2011-egg,[],[],[],2011.4079397672826,3c,K,L,S,G,S,T,K,A,egg,A/Singapore/C2011411/2011,K,L,S,G,S,T,K,A,0,0,0,0,0,0,0,0
1761,A/Singapore/C2011422/2011-egg,[],[],[],2011.4188911704312,3b,K,L,S,G,S,T,K,A,egg,A/Singapore/C2011422/2011,K,L,S,G,S,T,K,A,0,0,0,0,0,0,0,0
1763,A/Singapore/C2011452/2011-egg,[],[],[],2011.4490075290896,3b,K,L,S,G,S,T,K,A,egg,A/Singapore/C2011452/2011,K,L,S,G,S,T,K,A,0,0,0,0,0,0,0,0
1765,A/Singapore/C2011458/2011-egg,[],[],[],2011.454483230664,3b,K,L,S,G,S,T,K,A,egg,A/Singapore/C2011458/2011,K,L,S,G,S,T,K,A,0,0,0,0,0,0,0,0
1767,A/Singapore/C2011471/2011-egg,[],[],[],2011.4681724845996,3b,K,L,S,G,S,T,K,A,egg,A/Singapore/C2011471/2011,K,L,S,G,S,T,K,A,0,0,0,0,0,0,0,0
1769,A/Singapore/C2011477/2011-egg,[],[],[],2011.473648186174,3b,K,L,S,G,S,T,K,A,egg,A/Singapore/C2011477/2011,K,L,S,G,S,T,K,A,0,0,0,0,0,0,0,0
1771,A/Singapore/C2011493/2011-egg,[],[],[],2011.4900752908966,3b,K,L,S,G,S,T,K,A,egg,A/Singapore/C2011493/2011,K,L,S,G,S,T,K,A,0,0,0,0,0,0,0,0
1773,A/Singapore/C2011512/2011-egg,[],[],[],2011.5092402464065,3c,K,L,S,G,S,T,K,A,egg,A/Singapore/C2011512/2011,K,L,S,G,S,T,K,A,0,0,0,0,0,0,0,0
1775,A/Singapore/C2011518/2011-egg,[],[],[],2011.514715947981,3b,K,L,S,G,S,T,K,A,egg,A/Singapore/C2011518/2011,K,L,S,G,S,T,K,A,0,0,0,0,0,0,0,0
1776,A/Singapore/C2011545C/2011-egg,[],[u'D160N'],[],2011.542094455852,3b,K,L,S,G,S,T,K,A,egg,A/Singapore/C2011545C/2011,K,L,S,G,S,T,K,A,0,0,0,0,0,0,0,0
1777,A/Singapore/C2011564/2011-egg,[],[],[],2011.561259411362,3b,K,L,S,G,S,T,K,A,egg,A/Singapore/C2011564/2011,K,L,S,G,S,T,K,A,0,0,0,0,0,0,0,0
1779,A/Singapore/C2011573/2011-egg,[],[],[],2011.5694729637235,3b,K,L,S,G,S,T,K,A,egg,A/Singapore/C2011573/2011,K,L,S,G,S,T,K,A,0,0,0,0,0,0,0,0
1780,A/Singapore/C2011614/2011-egg,[],[],[],2011.6105407255304,3b,K,L,S,G,S,T,K,A,egg,A/Singapore/C2011614/2011,K,L,S,G,S,T,K,A,0,0,0,0,0,0,0,0
1782,A/Singapore/C2011641/2011-egg,[],[],[],2011.6379192334018,3c,K,L,S,G,S,T,K,A,egg,A/Singapore/C2011641/2011,K,L,S,G,S,T,K,A,0,0,0,0,0,0,0,0
1784,A/Singapore/C2011647/2011-egg,[],[],[],2011.643394934976,3b,K,L,S,G,S,T,K,A,egg,A/Singapore/C2011647/2011,K,L,S,G,S,T,K,A,0,0,0,0,0,0,0,0
1786,A/Singapore/C2011803/2011-egg,[],[],[],2011.7994524298426,3c,K,L,S,G,S,T,K,A,egg,A/Singapore/C2011803/2011,K,L,S,G,S,T,K,A,0,0,0,0,0,0,0,0
1788,A/Singapore/C2011825/2011-egg,[],[],[],2011.8213552361397,unassigned,K,L,S,G,S,T,K,A,egg,A/Singapore/C2011825/2011,K,L,S,G,S,T,K,A,0,0,0,0,0,0,0,0
1792,A/Singapore/CGH05/2013-egg,"[u'N96S', u'L194P']",[],[],2013.4024640657085,3c,K,P,S,G,S,T,K,A,egg,A/Singapore/CGH05/2013,K,L,S,G,S,T,K,A,0,1,0,0,0,0,0,0
1797,A/Singapore/GP1523/2014-egg,"[u'T160K', u'L194P', u'D225N']",[],[],2014.520191649555,3c2.A,K,P,S,G,S,T,K,A,egg,A/Singapore/GP1523/2014,T,L,S,D,S,T,K,A,1,1,0,1,0,0,0,0
1798,A/Singapore/GP1599/2013-egg,[u'S219F'],[],[],2013.8213552361397,3c3,K,L,V,G,F,T,K,A,egg,A/Singapore/GP1599/2013,K,L,S,G,S,T,K,A,0,0,1,0,1,0,0,0
1800,A/Singapore/GP1940/2013-egg,"[u'H156R', u'D225G']",[],[u'A16T'],2013.9281314168377,3c3.A,K,L,S,G,S,T,R,S,egg,A/Singapore/GP1940/2013,K,L,S,D,S,T,K,S,0,0,0,1,0,0,1,0
1802,A/Singapore/GP2050/2015-egg,"[u'L194P', u'D225N']",[],[],2015.9390828199862,3c2.A,T,P,S,G,S,T,K,A,egg,A/Singapore/GP2050/2015,T,L,S,D,S,T,K,A,0,1,0,1,0,0,0,0
1808,A/Singapore/GP2646/2016-egg,"[u'T160A', u'G186V', u'D190N', u'D225G']",[],[],2016.9363449691991,A1b,A,L,V,G,S,T,K,A,egg,A/Singapore/GP2646/2016,T,L,S,D,S,T,K,A,1,0,1,1,0,0,0,0
1812,A/Singapore/GP637/2013-egg,"[u'G186V', u'N246H']",[],[],2013.3039014373717,3c,K,L,V,G,S,T,K,A,egg,A/Singapore/GP637/2013,K,L,S,G,S,T,K,A,0,0,1,0,0,0,0,0
1813,A/Singapore/H2009332C/2009-egg,[],[u'G57R'],[],2009.3285420944558,unassigned,K,L,S,G,S,T,K,A,egg,A/Singapore/H2009332C/2009,K,L,S,G,S,T,K,A,0,0,0,0,0,0,0,0
1814,A/Singapore/H2009334C/2009-egg,[],[],[],2009.331279945243,unassigned,K,L,S,G,S,T,K,A,egg,A/Singapore/H2009334C/2009,K,L,S,G,S,T,K,A,0,0,0,0,0,0,0,0
1816,A/Singapore/H2009389b/2009-egg,[],[],[],2009.3860369609856,unassigned,K,L,S,G,S,T,K,A,egg,A/Singapore/H2009389b/2009,K,L,S,G,S,T,K,A,0,0,0,0,0,0,0,0
1817,A/Singapore/H2009471C/2009-egg,[u'S45I'],[],[],2009.4681724845996,unassigned,K,L,S,G,S,T,K,A,egg,A/Singapore/H2009471C/2009,K,L,S,G,S,T,K,A,0,0,0,0,0,0,0,0
1819,A/Singapore/H2009485/2009-egg,[],[],[],2009.4818617385351,unassigned,K,L,S,G,S,T,K,A,egg,A/Singapore/H2009485/2009,K,L,S,G,S,T,K,A,0,0,0,0,0,0,0,0
1821,A/Singapore/H2009510/2009-egg,[],[],[],2009.5065023956195,unassigned,K,L,S,G,S,T,K,A,egg,A/Singapore/H2009510/2009,K,L,S,G,S,T,K,A,0,0,0,0,0,0,0,0
1823,A/Singapore/H2009518/2009-egg,[],[],[],2009.514715947981,unassigned,K,L,S,G,S,T,K,A,egg,A/Singapore/H2009518/2009,K,L,S,G,S,T,K,A,0,0,0,0,0,0,0,0
1825,A/Singapore/H2009679/2009-egg,[],[],[],2009.6762491444217,unassigned,K,L,S,G,S,T,K,A,egg,A/Singapore/H2009679/2009,K,L,S,G,S,T,K,A,0,0,0,0,0,0,0,0
1827,A/Singapore/H2010211/2010-egg,[],[],[],2010.208076659822,unassigned,K,L,S,G,S,T,K,A,egg,A/Singapore/H2010211/2010,K,L,S,G,S,T,K,A,0,0,0,0,0,0,0,0
1829,A/Singapore/H2010301/2010-egg,[],[],[],2010.2984257357973,unassigned,K,L,S,G,S,T,K,A,egg,A/Singapore/H2010301/2010,K,L,S,G,S,T,K,A,0,0,0,0,0,0,0,0
1830,A/Singapore/H2010321C/2010-egg,[],[],[],2010.3175906913073,unassigned,K,L,S,G,S,T,K,A,egg,A/Singapore/H2010321C/2010,K,L,S,G,S,T,K,A,0,0,0,0,0,0,0,0
1831,A/Singapore/H2010370C/2010-egg,[],[],[],2010.3668720054757,unassigned,K,L,S,G,S,T,K,A,egg,A/Singapore/H2010370C/2010,K,L,S,G,S,T,K,A,0,0,0,0,0,0,0,0
1833,A/Singapore/H2010384/2010-egg,[],[],[],2010.3805612594113,unassigned,K,L,S,G,S,T,K,A,egg,A/Singapore/H2010384/2010,K,L,S,G,S,T,K,A,0,0,0,0,0,0,0,0
1835,A/Singapore/H2010389/2010-egg,[],[],[],2010.3860369609856,unassigned,K,L,S,G,S,T,K,A,egg,A/Singapore/H2010389/2010,K,L,S,G,S,T,K,A,0,0,0,0,0,0,0,0
1836,A/Singapore/H2010471C/2010-egg,[],[u'I77V'],[],2010.4681724845996,unassigned,K,L,S,G,S,T,K,A,egg,A/Singapore/H2010471C/2010,K,L,S,G,S,T,K,A,0,0,0,0,0,0,0,0
1837,A/Singapore/H2010564C/2010-egg,[u'R269K'],[],[],2010.561259411362,unassigned,K,L,S,G,S,T,K,A,egg,A/Singapore/H2010564C/2010,K,L,S,G,S,T,K,A,0,0,0,0,0,0,0,0
1839,A/Singapore/H2010619/2010-egg,[],[],[],2010.6160164271048,unassigned,K,L,S,G,S,T,K,A,egg,A/Singapore/H2010619/2010,K,L,S,G,S,T,K,A,0,0,0,0,0,0,0,0
1840,A/Singapore/H2010666C/2010-egg,[],[],[],2010.662559890486,unassigned,K,L,S,G,S,T,K,A,egg,A/Singapore/H2010666C/2010,K,L,S,G,S,T,K,A,0,0,0,0,0,0,0,0
1842,A/Singapore/H2010797/2010-egg,[],[],[],2010.7939767282683,unassigned,K,L,S,G,S,T,K,A,egg,A/Singapore/H2010797/2010,K,L,S,G,S,T,K,A,0,0,0,0,0,0,0,0
1844,A/Singapore/H2010822/2010-egg,[],[],[],2010.8186173853526,unassigned,K,L,S,G,S,T,K,A,egg,A/Singapore/H2010822/2010,K,L,S,G,S,T,K,A,0,0,0,0,0,0,0,0
1845,A/Singapore/H2011140C/2011-egg,[],[],[],2011.1368925393565,unassigned,K,L,S,G,S,T,K,A,egg,A/Singapore/H2011140C/2011,K,L,S,G,S,T,K,A,0,0,0,0,0,0,0,0
1847,A/Singapore/H2011447/2011-egg,[],[],[],2011.4435318275155,3c,K,L,S,G,S,T,K,A,egg,A/Singapore/H2011447/2011,K,L,S,G,S,T,K,A,0,0,0,0,0,0,0,0
1849,A/Singapore/H2011460a/2011-egg,[],[],[],2011.457221081451,3b,K,L,S,G,S,T,K,A,egg,A/Singapore/H2011460a/2011,K,L,S,G,S,T,K,A,0,0,0,0,0,0,0,0
1850,A/Singapore/H2011460cC/2011-egg,[],[],[],2011.457221081451,3b,K,L,S,G,S,T,K,A,egg,A/Singapore/H2011460cC/2011,K,L,S,G,S,T,K,A,0,0,0,0,0,0,0,0
1852,A/Singapore/H2011463/2011-egg,[],[],[],2011.4599589322381,3b,K,L,S,G,S,T,K,A,egg,A/Singapore/H2011463/2011,K,L,S,G,S,T,K,A,0,0,0,0,0,0,0,0
1854,A/Singapore/H2011471a/2011-egg,[],[],[],2011.4681724845996,3b,K,L,S,G,S,T,K,A,egg,A/Singapore/H2011471a/2011,K,L,S,G,S,T,K,A,0,0,0,0,0,0,0,0
1856,A/Singapore/H2011471b/2011-egg,[],[],[],2011.4681724845996,3b,K,L,S,G,S,T,K,A,egg,A/Singapore/H2011471b/2011,K,L,S,G,S,T,K,A,0,0,0,0,0,0,0,0
1858,A/Singapore/H2011471c/2011-egg,[],[],[],2011.4681724845996,3b,K,L,S,G,S,T,K,A,egg,A/Singapore/H2011471c/2011,K,L,S,G,S,T,K,A,0,0,0,0,0,0,0,0
1860,A/Singapore/H2011474/2011-egg,[],[],[],2011.4709103353866,3b,K,L,S,G,S,T,K,A,egg,A/Singapore/H2011474/2011,K,L,S,G,S,T,K,A,0,0,0,0,0,0,0,0
1862,A/Singapore/H2011479/2011-egg,[],[],[],2011.476386036961,3b,K,L,S,G,S,T,K,A,egg,A/Singapore/H2011479/2011,K,L,S,G,S,T,K,A,0,0,0,0,0,0,0,0
1864,A/Singapore/H2011482/2011-egg,[],[],[],2011.479123887748,3b,K,L,S,G,S,T,K,A,egg,A/Singapore/H2011482/2011,K,L,S,G,S,T,K,A,0,0,0,0,0,0,0,0
1866,A/Singapore/H2011499a/2011-egg,[],[],[],2011.495550992471,3b,K,L,S,G,S,T,K,A,egg,A/Singapore/H2011499a/2011,K,L,S,G,S,T,K,A,0,0,0,0,0,0,0,0
1867,A/Singapore/H2011504C/2011-egg,[],[],[],2011.501026694045,3b,K,L,S,G,S,T,K,A,egg,A/Singapore/H2011504C/2011,K,L,S,G,S,T,K,A,0,0,0,0,0,0,0,0
1869,A/Singapore/H2011507/2011-egg,[],[],[],2011.5037645448324,3c,K,L,S,G,S,T,K,A,egg,A/Singapore/H2011507/2011,K,L,S,G,S,T,K,A,0,0,0,0,0,0,0,0
1871,A/Singapore/H2011515/2011-egg,[],[],[],2011.5119780971936,3b,K,L,S,G,S,T,K,A,egg,A/Singapore/H2011515/2011,K,L,S,G,S,T,K,A,0,0,0,0,0,0,0,0
1873,A/Singapore/H2011518/2011-egg,[],[],[],2011.514715947981,3b,K,L,S,G,S,T,K,A,egg,A/Singapore/H2011518/2011,K,L,S,G,S,T,K,A,0,0,0,0,0,0,0,0
1875,A/Singapore/H2011570/2011-egg,[],[],[],2011.5667351129364,3b,K,L,S,G,S,T,K,A,egg,A/Singapore/H2011570/2011,K,L,S,G,S,T,K,A,0,0,0,0,0,0,0,0
1876,A/Singapore/H2011704C/2011-egg,[],[],[],2011.7008898015058,3b,K,L,S,G,S,T,K,A,egg,A/Singapore/H2011704C/2011,K,L,S,G,S,T,K,A,0,0,0,0,0,0,0,0
1878,A/Singapore/H2011751/2011-egg,[],[],[],2011.7474332648871,unassigned,K,L,S,G,S,T,K,A,egg,A/Singapore/H2011751/2011,K,L,S,G,S,T,K,A,0,0,0,0,0,0,0,0
1880,A/Singapore/H2011797/2011-egg,[],[],[],2011.7939767282683,3c,K,L,S,G,S,T,K,A,egg,A/Singapore/H2011797/2011,K,L,S,G,S,T,K,A,0,0,0,0,0,0,0,0
1882,A/Singapore/H2011808a/2011-egg,[],[],[],2011.8049281314168,3c,K,L,S,G,S,T,K,A,egg,A/Singapore/H2011808a/2011,K,L,S,G,S,T,K,A,0,0,0,0,0,0,0,0
1883,A/Singapore/H2011808bC/2011-egg,[],[],[],2011.8049281314168,3c,K,L,S,G,S,T,K,A,egg,A/Singapore/H2011808bC/2011,K,L,S,G,S,T,K,A,0,0,0,0,0,0,0,0
1884,A/Singapore/H2013060/2013-egg,[],[],[],2013.0574948665299,3c,K,L,S,G,S,T,K,A,egg,A/Singapore/H2013060/2013,K,L,S,G,S,T,K,A,0,0,0,0,0,0,0,0
1885,A/Singapore/H2013238/2013-egg,[],[],[],2013.2354551676933,3c,K,L,S,G,S,T,K,A,egg,A/Singapore/H2013238/2013,K,L,S,G,S,T,K,A,0,0,0,0,0,0,0,0
1886,A/Singapore/H2013403/2013-egg,[],[],[],2013.3997262149212,3c3,K,L,S,G,S,T,K,A,egg,A/Singapore/H2013403/2013,K,L,S,G,S,T,K,A,0,0,0,0,0,0,0,0
1887,A/Singapore/H2013422d/2013-egg,[],[],[],2013.4188911704312,3c3,K,L,S,G,S,T,K,A,egg,A/Singapore/H2013422d/2013,K,L,S,G,S,T,K,A,0,0,0,0,0,0,0,0
1888,A/Singapore/H2013721a/2013-egg,[],[],[],2013.7173169062287,3c3,K,L,S,G,S,T,K,A,egg,A/Singapore/H2013721a/2013,K,L,S,G,S,T,K,A,0,0,0,0,0,0,0,0
1889,A/Singapore/H2013721d/2013-egg,[],[],[],2013.7173169062287,3c3,K,L,S,G,S,T,K,A,egg,A/Singapore/H2013721d/2013,K,L,S,G,S,T,K,A,0,0,0,0,0,0,0,0
1890,A/Singapore/H2013721f/2013-egg,[],[],[],2013.7173169062287,3c3,K,L,S,G,S,T,K,A,egg,A/Singapore/H2013721f/2013,K,L,S,G,S,T,K,A,0,0,0,0,0,0,0,0
1891,A/Singapore/H2013729/2013-egg,[],[],[],2013.72553045859,3c3,K,L,S,G,S,T,K,A,egg,A/Singapore/H2013729/2013,K,L,S,G,S,T,K,A,0,0,0,0,0,0,0,0
1892,A/Singapore/H2013901/2013-egg,"[u'N8D', u'R33Q']",[u'I173V'],[],2013.8980150581792,3c,K,L,S,G,S,T,K,A,egg,A/Singapore/H2013901/2013,K,L,S,G,S,T,K,A,0,0,0,0,0,0,0,0
1907,A/Singapore/Infimh-16-0019/2016-egg,"[u'T160K', u'L194P']",[],[],2016.4517453798767,A1,K,P,S,D,S,T,K,A,egg,A/Singapore/Infimh-16-0019/2016,T,L,S,D,S,T,K,A,1,1,0,0,0,0,0,0
1913,A/Singapore/KK1100/2016-egg,[],[],[],2016.911704312115,A3,K,P,S,D,S,T,K,A,egg,A/Singapore/KK1100/2016,T,L,S,D,S,T,K,A,1,1,0,0,0,0,0,0
1918,A/Singapore/KK943/2014-egg,[u'D225N'],[],[],2014.7638603696098,3c2.A,K,P,S,G,S,T,K,A,egg,A/Singapore/KK943/2014,T,L,S,D,S,T,K,A,1,1,0,1,0,0,0,0
1946,A/SouthAfrica/2982/2015-egg,"[u'T160K', u'L194P']",[],[],2015.4216290212185,3c2.A,K,P,S,D,S,T,K,A,egg,A/SouthAfrica/2982/2015,T,L,S,D,S,T,K,A,1,1,0,0,0,0,0,0
1957,A/SouthAfrica/5853/2013-egg,[],[],[],2013.5284052019165,3c3,K,L,S,G,S,T,K,A,egg,A/SouthAfrica/5853/2013,K,L,S,G,S,T,K,A,0,0,0,0,0,0,0,0
1958,A/SouthAfrica/6388/2013-egg,[],[],[],2013.5639972621493,3c3,K,L,S,G,S,T,K,A,egg,A/SouthAfrica/6388/2013,K,L,S,G,S,T,K,A,0,0,0,0,0,0,0,0
1959,A/SouthAfrica/6451/2013-egg,[],[],[],2013.5639972621493,3c3,K,L,S,G,S,T,K,A,egg,A/SouthAfrica/6451/2013,K,L,S,G,S,T,K,A,0,0,0,0,0,0,0,0
1960,A/SouthAfrica/6627/2013-egg,[],[],[],2013.5749486652978,3c3,K,L,S,G,S,T,K,A,egg,A/SouthAfrica/6627/2013,K,L,S,G,S,T,K,A,0,0,0,0,0,0,0,0
1961,A/SouthAfrica/7073/2013-egg,[],[],[],2013.5859000684463,3c3,K,L,S,G,S,T,K,A,egg,A/SouthAfrica/7073/2013,K,L,S,G,S,T,K,A,0,0,0,0,0,0,0,0
1962,A/SouthAfrica/7241/2013-egg,[],[],[],2013.5968514715948,3c3,K,L,S,G,S,T,K,A,egg,A/SouthAfrica/7241/2013,K,L,S,G,S,T,K,A,0,0,0,0,0,0,0,0
1963,A/SouthAfrica/7279/2013-egg,[],[],[],2013.5968514715948,3c3,K,L,S,G,S,T,K,A,egg,A/SouthAfrica/7279/2013,K,L,S,G,S,T,K,A,0,0,0,0,0,0,0,0
1964,A/SouthAfrica/8195/2013-egg,[],[],[],2013.6543463381245,3c3,K,L,S,G,S,T,K,A,egg,A/SouthAfrica/8195/2013,K,L,S,G,S,T,K,A,0,0,0,0,0,0,0,0
1965,A/SouthAfrica/8324/2013-egg,[],[],[],2013.6652977412732,3c3,K,L,S,G,S,T,K,A,egg,A/SouthAfrica/8324/2013,K,L,S,G,S,T,K,A,0,0,0,0,0,0,0,0
1966,A/SouthAfrica/8766/2013-egg,[u'V166A'],[],[],2013.6872005475702,3c3,K,L,S,G,S,T,K,A,egg,A/SouthAfrica/8766/2013,K,L,S,G,S,T,K,A,0,0,0,0,0,0,0,0
1967,A/SouthAfrica/9015/2013-egg,[],[],[],2013.7118412046543,3c3,K,L,S,G,S,T,K,A,egg,A/SouthAfrica/9015/2013,K,L,S,G,S,T,K,A,0,0,0,0,0,0,0,0
1968,A/SouthAfrica/9061/2013-egg,[u'I245V'],[],[],2013.7063655030802,3c3,K,L,S,G,S,T,K,A,egg,A/SouthAfrica/9061/2013,K,L,S,G,S,T,K,A,0,0,0,0,0,0,0,0
1986,A/SouthAustralia/135/2016-egg,"[u'A138S', u'H156R', u'T160K', u'G186V']",[],[],2016.8432580424367,A1,K,L,V,D,S,T,R,S,egg,A/SouthAustralia/135/2016,T,L,S,D,S,T,K,A,1,0,1,0,0,0,1,1
1991,A/SouthAustralia/2/2013-egg,"[u'V43I', u'G186V', u'S219F', u'I267T']",[u'N158H'],[],2013.021902806297,3b,K,L,V,G,F,T,K,A,egg,A/SouthAustralia/2/2013,K,L,S,G,S,T,K,A,0,0,1,0,1,0,0,0
1993,A/SouthAustralia/209/2017-egg,[u'L194P'],[],[],2017.5311430527036,A4,I,P,S,D,S,T,K,A,egg,A/SouthAustralia/209/2017,T,L,S,D,S,T,K,A,1,1,0,0,0,0,0,0
1996,A/SouthAustralia/274/2017-egg,[],[],[],2017.9691991786447,A2/re,K,P,S,D,S,T,K,A,egg,A/SouthAustralia/274/2017,T,L,S,D,S,T,K,A,1,1,0,0,0,0,0,0
1997,A/SouthAustralia/30/2012-egg,"[u'I140K', u'L194P']",[],[],2012.3559206023272,unassigned,K,P,S,G,S,T,K,A,egg,A/SouthAustralia/30/2012,K,L,S,G,S,T,K,A,0,1,0,0,0,0,0,0
2000,A/SouthAustralia/54/2016-egg,[u'D225G'],[u'G175E'],[],2016.5284052019165,3c3.A,K,L,S,G,S,T,K,S,egg,A/SouthAustralia/54/2016,K,L,S,D,S,T,K,S,0,0,0,1,0,0,0,0
2002,A/SouthAustralia/55/2014-egg,"[u'H156R', u'G186E']",[],[],2014.4900752908966,3c3.A,K,L,E,G,S,T,R,S,egg,A/SouthAustralia/55/2014,K,L,S,D,S,T,K,S,0,0,1,1,0,0,1,0
2012,A/SouthDakota/12/2012-egg,"[u'G186V', u'N246S', u'R299K']",[],[],2012.8268309377138,3c,K,L,V,G,S,T,K,A,egg,A/SouthDakota/12/2012,K,L,S,G,S,T,K,A,0,0,1,0,0,0,0,0
2022,A/Southaustralia/55/2014-egg,[u'S145N'],[],[],2014.4490075290896,3c3.A,K,L,S,G,S,T,K,S,egg,A/Southaustralia/55/2014,K,L,S,D,S,T,K,S,0,0,0,1,0,0,0,0
2024,A/Southaustralia/9/2015-egg,"[u'I140K', u'T160K', u'L194P']",[],[],2015.1149897330595,3c2.A,K,P,S,D,S,T,K,A,egg,A/Southaustralia/9/2015,T,L,S,D,S,T,K,A,1,1,0,0,0,0,0,0
2036,A/SriLanka/56/2013-egg,[u'L194P'],[],[],2013.6789869952088,3c3,K,P,S,G,S,T,K,A,egg,A/SriLanka/56/2013,K,L,S,G,S,T,K,A,0,1,0,0,0,0,0,0
2039,A/SriLanka/61/2015-egg,[u'T203I'],[],[],2015.908966461328,A1,K,P,S,D,S,I,K,S,egg,A/SriLanka/61/2015,T,L,S,D,S,T,K,A,1,1,0,0,0,1,0,1
2049,A/SriLanka/93/2017-egg,"[u'T160K', u'L194P', u'T203I']",[],[],2017.870636550308,A1b/135N,K,P,S,D,S,I,K,A,egg,A/SriLanka/93/2017,T,L,S,D,S,T,K,A,1,1,0,0,0,1,0,0
2072,A/Stockholm/36/2012-egg,[u'G186V'],[],[],2012.8761122518822,3c,K,L,V,G,S,T,K,A,egg,A/Stockholm/36/2012,K,L,S,G,S,T,K,A,0,0,1,0,0,0,0,0
2074,A/Stockholm/40/2012-egg,[u'H183L'],[],[],2012.870636550308,unassigned,K,L,S,G,S,T,K,A,egg,A/Stockholm/40/2012,K,L,S,G,S,T,K,A,0,0,0,0,0,0,0,0
2087,A/Switzerland/9715293/2013-egg,"[u'I140R', u'S219Y']",[],[],2013.9281314168377,3c3.A,K,L,V,D,Y,T,K,S,egg,A/Switzerland/9715293/2013,K,L,S,D,S,T,K,S,0,0,1,0,1,0,0,0
2094,A/Sydney/142/2016-egg,"[u'H156Q', u'D225G']",[],[],2016.495550992471,3c3.A,K,L,S,G,S,T,Q,S,egg,A/Sydney/142/2016,K,L,S,D,S,T,K,S,0,0,0,1,0,0,1,0
2097,A/Sydney/195/2012-egg,"[u'G186V', u'N246H']",[],[],2012.5968514715948,unassigned,K,L,V,G,S,T,K,A,egg,A/Sydney/195/2012,K,L,S,G,S,T,K,A,0,0,1,0,0,0,0,0
2107,A/Sydney/52/2017-egg,"[u'T160K', u'L194P', u'T203I', u'D225G']",[],[],2017.1752224503764,A1b,K,P,S,G,S,I,K,A,egg,A/Sydney/52/2017,T,L,S,D,S,T,K,A,1,1,0,1,0,1,0,0
2115,A/Taiwan/240/2009-egg,[u'S45N'],[],[],2009.1177275838468,unassigned,K,P,S,G,S,T,K,A,egg,A/Taiwan/240/2009,K,L,S,G,S,T,K,A,0,1,0,0,0,0,0,0
2116,A/Taiwan/285/2012-egg,[u'D190G'],[],[],2012.1779603011637,3c,K,L,S,G,S,T,K,A,egg,A/Taiwan/285/2012,K,L,S,G,S,T,K,A,0,0,0,0,0,0,0,0
2120,A/Taiwan/471/2008-egg,[],[],[],2008.6379192334018,unassigned,K,L,V,G,S,T,R,A,egg,A/Taiwan/471/2008,K,L,S,G,S,T,K,A,0,0,1,0,0,0,1,0
2124,A/Taiwan/613/2012-egg,[],[],[u'F15V'],2012.37234770705,3c,K,L,S,G,S,T,K,A,egg,A/Taiwan/613/2012,K,L,S,G,S,T,K,A,0,0,0,0,0,0,0,0
2126,A/Taiwan/70120/2008-egg,[],[],[],2008.03832991102,unassigned,K,L,S,G,S,T,K,A,egg,A/Taiwan/70120/2008,K,L,S,G,S,T,K,A,0,0,0,0,0,0,0,0
2141,A/Taiwan/839/2009-egg,[],[],[],2009.7501711156742,unassigned,K,P,S,G,S,T,K,A,egg,A/Taiwan/839/2009,K,L,S,G,S,T,K,A,0,1,0,0,0,0,0,0
2144,A/Taiwan/851/2010-egg,[],[],[],2010.7036276522929,unassigned,K,L,S,G,S,T,K,A,egg,A/Taiwan/851/2010,K,L,S,G,S,T,K,A,0,0,0,0,0,0,0,0
2164,A/Tasmania/1012/2015-egg,"[u'G186V', u'S219F']",[],[],2015.5886379192334,3c3.B,K,L,V,G,F,T,K,A,egg,A/Tasmania/1012/2015,K,L,S,G,S,T,K,A,0,0,1,0,1,0,0,0
2166,A/Tasmania/11/2014-egg,"[u'G186D', u'D190G', u'D225G']",[],[],2014.2026009582478,3c3.A,K,L,D,G,S,T,K,S,egg,A/Tasmania/11/2014,K,L,S,D,S,T,K,S,0,0,1,1,0,0,0,0
2179,A/Texas/50/2012-egg,"[u'G186V', u'S219F', u'I226N']",[],[],2012.2874743326488,3c,K,L,V,G,F,T,K,A,egg,A/Texas/50/2012,K,L,S,G,S,T,K,A,0,0,1,0,1,0,0,0
2181,A/Texas/6/2014-egg,"[u'G186V', u'S219Y']",[],[],2014.0109514031485,3c3,K,L,V,G,Y,T,K,A,egg,A/Texas/6/2014,K,L,S,G,S,T,K,A,0,0,1,0,1,0,0,0
2216,A/Thessaloniki/19/2009-egg,[],[],[],2009.03832991102,unassigned,K,L,S,G,S,T,K,A,egg,A/Thessaloniki/19/2009,K,L,S,G,S,T,K,A,0,0,0,0,0,0,0,0
2217,A/Thessaloniki/62/2018-egg,[],[],[],2018.043805612594,A2/re,T,L,S,D,S,T,K,A,egg,A/Thessaloniki/62/2018,T,L,S,D,S,T,K,A,0,0,0,0,0,0,0,0
2218,A/Thessaloniki/63/2013-egg,[u'S124G'],[],[],2013.1204654346338,3c3,K,L,S,G,S,T,K,A,egg,A/Thessaloniki/63/2013,K,L,S,G,S,T,K,A,0,0,0,0,0,0,0,0
2223,A/Tocantins/16261/2015-egg,[u'I140V'],[],[],2015.1314168377824,3c3,K,L,S,G,S,T,K,A,egg,A/Tocantins/16261/2015,K,L,S,G,S,T,K,A,0,0,0,0,0,0,0,0
2224,A/Tocantins/29517/2015-egg,[],[],[],2015.2217659137577,3c3,K,L,S,G,S,T,K,A,egg,A/Tocantins/29517/2015,K,L,S,G,S,T,K,A,0,0,0,0,0,0,0,0
2225,A/Tocantins/448825/2017-egg,[],"[u'V84I', u'V200L']",[],2017.1177275838468,A1,T,L,S,D,S,T,K,A,egg,A/Tocantins/448825/2017,T,L,S,D,S,T,K,A,0,0,0,0,0,0,0,0
2248,A/Townsville/87/2010-egg,[],[],[],2010.9007529089665,unassigned,K,P,S,G,S,T,K,A,egg,A/Townsville/87/2010,K,L,S,G,S,T,K,A,0,1,0,0,0,0,0,0
2257,A/Tucuman/I2377/2014-egg,"[u'Q1K', u'N22T', u'K259S', u'I260L', u'R307P']",[],[],2014.7310061601643,3c3.B,K,L,S,G,S,T,K,A,egg,A/Tucuman/I2377/2014,K,L,S,G,S,T,K,A,0,0,0,0,0,0,0,0
2269,A/Tunisia/723/2009-egg,[u'D175N'],[],[],2009.0355920602328,unassigned,K,L,S,G,S,T,K,A,egg,A/Tunisia/723/2009,K,L,S,G,S,T,K,A,0,0,0,0,0,0,0,0
2276,A/VIctoria/673/2014-egg,[],[],[],2014.6817248459959,3c2.A,K,P,S,D,S,T,K,A,egg,A/VIctoria/673/2014,T,L,S,D,S,T,K,A,1,1,0,0,0,0,0,0
2285,A/Vermont/28/2012-egg,"[u'N144S', u'L194P']",[],[u'S8G'],2012.9281314168377,3c,K,P,S,G,S,T,K,A,egg,A/Vermont/28/2012,K,L,S,G,S,T,K,A,0,1,0,0,0,0,0,0
2287,A/Victoria/1000/2015-egg,"[u'H156Q', u'G186V']",[],[],2015.457221081451,3c3,K,L,V,G,S,T,Q,A,egg,A/Victoria/1000/2015,K,L,S,G,S,T,K,A,0,0,1,0,0,0,1,0
2293,A/Victoria/208/2009-egg,[],[],[],2009.416153319644,unassigned,K,L,S,G,S,T,K,A,egg,A/Victoria/208/2009,K,L,S,G,S,T,K,A,0,0,0,0,0,0,0,0
2295,A/Victoria/209/2009-egg,[],[],[],2009.416153319644,unassigned,K,L,S,G,S,T,K,A,egg,A/Victoria/209/2009,K,L,S,G,S,T,K,A,0,0,0,0,0,0,0,0
2297,A/Victoria/265/2014-egg,[],[],[],2014.6078028747434,3c2.A,K,P,S,D,S,T,K,A,egg,A/Victoria/265/2014,T,L,S,D,S,T,K,A,1,1,0,0,0,0,0,0
2302,A/Victoria/361/2011-egg,"[u'H156R', u'G186V']",[],[],2011.8104038329911,3c,K,L,V,G,S,T,R,A,egg,A/Victoria/361/2011,K,L,S,G,S,T,K,A,0,0,1,0,0,0,1,0
2305,A/Victoria/500/2008-egg,[],[],[],2008.5092402464065,unassigned,K,M,S,G,S,T,K,A,egg,A/Victoria/500/2008,K,L,S,G,S,T,K,A,0,1,0,0,0,0,0,0
2309,A/Victoria/503/2014-egg,"[u'G186V', u'F193S']",[],[],2014.3394934976043,3c3.B,K,L,V,G,S,T,K,A,egg,A/Victoria/503/2014,K,L,S,G,S,T,K,A,0,0,1,0,0,0,0,0
2310,A/Victoria/503/2015-egg,"[u'T160A', u'L194P', u'D225G']",[u'D158N'],[],2015.2436687200548,3c2.A,A,P,S,G,S,T,K,A,egg,A/Victoria/503/2015,T,L,S,D,S,T,K,A,1,1,0,1,0,0,0,0
2312,A/Victoria/505/2013-egg,"[u'G186V', u'S219F']",[],[],2013.457221081451,3c3,K,L,V,G,F,T,K,A,egg,A/Victoria/505/2013,K,L,S,G,S,T,K,A,0,0,1,0,1,0,0,0
2314,A/Victoria/506/2013-egg,"[u'A138S', u'L194P']",[],[],2013.454483230664,3c,K,P,S,G,S,T,K,S,egg,A/Victoria/506/2013,K,L,S,G,S,T,K,A,0,1,0,0,0,0,0,1
2317,A/Victoria/527/2012-egg,"[u'N171D', u'G186V']",[],[],2012.457221081451,3c,K,L,V,G,S,T,K,A,egg,A/Victoria/527/2012,K,L,S,G,S,T,K,A,0,0,1,0,0,0,0,0
2322,A/Victoria/563/2010-egg,"[u'G186V', u'S219Y']",[],[],2010.7028304532932,unassigned,K,L,V,G,Y,T,K,A,egg,A/Victoria/563/2010,K,L,S,G,S,T,K,A,0,0,1,0,1,0,0,0
2328,A/Victoria/653/2017-egg,"[u'T160K', u'L194P', u'T203I']",[],[],2017.6050650239563,A1b/135K,K,P,S,D,S,I,K,A,egg,A/Victoria/653/2017,T,L,S,D,S,T,K,A,1,1,0,0,0,1,0,0
2330,A/Victoria/673/2014-egg,[],[],[],2014.6817248459959,3c2.A,K,P,S,D,S,T,K,A,egg,A/Victoria/673/2014,T,L,S,D,S,T,K,A,1,1,0,0,0,0,0,0
2332,A/Victoria/700/2013-egg,"[u'H156R', u'G186V']",[],[],2013.084873374401,3c,K,L,V,G,S,T,R,A,egg,A/Victoria/700/2013,K,L,S,G,S,T,K,A,0,0,1,0,0,0,1,0
2335,A/Victoria/746/2017-egg,"[u'T160K', u'L194P', u'T203I']",[],[],2017.6872005475702,A4,K,P,S,D,S,I,K,A,egg,A/Victoria/746/2017,T,L,S,D,S,T,K,A,1,1,0,0,0,1,0,0
2338,A/Victoria/8/2010-egg,[u'L194P'],[],[],2010.6050650239563,unassigned,K,P,S,G,S,T,K,A,egg,A/Victoria/8/2010,K,L,S,G,S,T,K,A,0,1,0,0,0,0,0,0
2359,A/Virginia/16/2012-egg,[u'H183L'],[],[],2012.9281314168377,unassigned,K,L,S,G,S,T,K,A,egg,A/Virginia/16/2012,K,L,S,G,S,T,K,A,0,0,0,0,0,0,0,0
2362,A/Virginia/5/2012-egg,[u'L194P'],[],[],2012.1286789869953,3b,K,P,S,G,S,T,K,A,egg,A/Virginia/5/2012,K,L,S,G,S,T,K,A,0,1,0,0,0,0,0,0
2378,A/Washington/13/2013-egg,"[u'K27R', u'G186V']",[u'V176I'],[],2013.8624229979466,3c,K,L,V,G,S,T,K,A,egg,A/Washington/13/2013,K,L,S,G,S,T,K,A,0,0,1,0,0,0,0,0
2379,A/Washington/16/2017-egg,"[u'T160K', u'L194P']",[],[],2017.065708418891,A2,K,P,S,D,S,T,K,A,egg,A/Washington/16/2017,T,L,S,D,S,T,K,A,1,1,0,0,0,0,0,0
2381,A/Washington/18/2013-egg,[u'L194P'],[],[],2013.908966461328,3c3,K,P,S,G,S,T,K,A,egg,A/Washington/18/2013,K,L,S,G,S,T,K,A,0,1,0,0,0,0,0,0
2388,A/Wisconsin/15/2009-egg,[u'L194P'],[],[],2009.4298425735797,unassigned,K,P,S,G,S,T,K,A,egg,A/Wisconsin/15/2009,K,L,S,G,S,T,K,A,0,1,0,0,0,0,0,0
2395,A/Wyoming/5/2013-egg,"[u'G186V', u'M268I']",[u'D160N'],[],2013.8131416837782,3c3,K,L,V,G,Y,T,K,A,egg,A/Wyoming/5/2013,K,L,S,G,S,T,K,A,0,0,1,0,1,0,0,0
