,strain,tip_HA1_muts,tip_HA2_muts,tip_SigPep_muts,date,dTiterSub,cTiterSub,clade,160,194,186,225,219,203,156,138,passage,source,pair_id,circulating160,circulating194,circulating186,circulating225,circulating219,circulating203,circulating156,circulating138,mut160,mut194,mut186,mut225,mut219,mut203,mut156,mut138
7,A/AbuDhabi/240/2018-egg,"[u'T160K', u'G186V', u'S219Y']",[],[],2018.0,1.5122531826706417e-09,6.64542522428303,A1b/135K,K,L,V,D,Y,T,H,A,egg,A/AbuDhabi/240/2018,65.0,T,L,G,D,S,T,H,A,1,0,1,0,1,0,0,0
28,A/Alaska/22/2012-egg,[],[],[],2012.7501711156742,0.0,2.3831324569715098,unassigned,K,P,G,N,S,T,H,A,egg,A/Alaska/22/2012,66.0,K,L,G,N,S,T,H,A,0,1,0,0,0,0,0,0
30,A/Alaska/23/2012-egg,"[u'G186V', u'N246S']",[],[],2012.7611225188227,1.6581964723788318e-09,2.3564147049021105,unassigned,K,L,V,N,S,T,H,A,egg,A/Alaska/23/2012,67.0,K,L,G,N,S,T,H,A,0,0,1,0,0,0,0,0
32,A/Alaska/232/2015-egg,[u'F193Y'],[],[],2015.6872005475702,9.738040102286923e-09,5.671816132178269,A1,K,P,G,D,S,T,H,S,egg,A/Alaska/232/2015,1.0,T,L,G,D,S,T,H,A,1,1,0,0,0,0,0,1
34,A/Alaska/24/2012-egg,[],[],[],2012.7857631759068,0.0,2.3831324569715098,unassigned,K,P,G,N,S,T,H,A,egg,A/Alaska/24/2012,68.0,K,L,G,N,S,T,H,A,0,1,0,0,0,0,0,0
35,A/Alaska/240/2015-egg,"[u'A138S', u'T160K', u'L194P', u'T203I']",[],[],2015.7036276522929,0.026717758626178357,6.284491507972611,3c2.A,K,P,G,D,S,I,H,S,egg,A/Alaska/240/2015,,T,L,G,D,S,T,H,A,1,1,0,0,0,1,0,1
38,A/Alaska/4/2012-egg,"[u'G186V', u'N246S', u'K264N']",[],[],2012.3668720054757,1.6581964723788318e-09,3.860431698978113,3c,K,L,V,N,S,T,H,A,egg,A/Alaska/4/2012,69.0,K,L,G,N,S,T,H,A,0,0,1,0,0,0,0,0
40,A/Alaska/5/2010-egg,"[u'H156Q', u'G186V', u'S199A', u'S219F', u'A280T', u'V297I']",[],[],2010.6105407255304,6.460256024053061e-09,0.8550133153063629,unassigned,K,L,V,N,F,T,Q,A,egg,A/Alaska/5/2010,,K,L,G,N,S,T,H,A,0,0,1,0,1,0,1,0
49,A/Almaty/2958/2013-egg,"[u'I140K', u'G186V', u'S219F']",[],[],2013.0711841204654,1.5292171240528858e-09,4.073739382550606,3c,K,L,V,N,F,T,H,A,egg,A/Almaty/2958/2013,70.0,K,L,G,N,S,T,H,A,0,0,1,0,1,0,0,0
50,A/Almaty/3277/2012-egg,[],[],[],2012.0,0.0,3.121642327443461,3c,K,L,G,N,S,T,H,A,egg,A/Almaty/3277/2012,,K,L,G,N,S,T,H,A,0,0,0,0,0,0,0,0
53,A/AmericanSamoa/4786/2013-egg,"[u'G186V', u'N246S']",[],[],2013.1423682409309,1.6581964723788318e-09,4.39715705744393,3c2,K,L,V,N,S,T,H,A,egg,A/AmericanSamoa/4786/2013,,K,L,G,N,S,T,H,A,0,0,1,0,0,0,0,0
64,A/Antananarivo/1067/2016-egg,"[u'T160K', u'G186V', u'S219F', u'I226S']",[],[],2016.2600958247776,1.7733598112355104e-09,5.645098457549244,A1,K,L,V,D,F,T,H,A,egg,A/Antananarivo/1067/2016,2.0,T,L,G,D,S,T,H,A,1,0,1,0,1,0,0,0
73,A/Arizona/17/2013-egg,"[u'G186V', u'S219F']",[],[],2013.9171800136892,6.840230799591878e-10,4.073739392393492,3c,K,L,V,N,F,T,H,A,egg,A/Arizona/17/2013,71.0,K,L,G,N,S,T,H,A,0,0,1,0,1,0,0,0
78,A/Arizona/9/2012-egg,"[u'G186V', u'N246S']",[],[],2012.807665982204,1.6581964723788318e-09,3.860431698978113,3c,K,L,V,N,S,T,H,A,egg,A/Arizona/9/2012,72.0,K,L,G,N,S,T,H,A,0,0,1,0,0,0,0,0
81,A/Arkansas/13/2013-egg,[u'G186V'],[],[],2013.6187542778919,1.9574093632912933e-10,4.073739399476446,3c,K,L,V,N,S,T,H,A,egg,A/Arkansas/13/2013,73.0,K,L,G,N,S,T,H,A,0,0,1,0,0,0,0,0
90,A/AthensGR/14/2013-egg,"[u'L194P', u'T203R']",[],[],2013.021902806297,0.026717753727596202,4.100457143270262,3c,K,P,G,N,S,R,H,A,egg,A/AthensGR/14/2013,3.0,K,L,G,N,S,T,H,A,0,1,0,0,0,1,0,0
92,A/Auckland/10/2015-egg,[u'L194P'],[],[],2015.5338809034909,0.026717753727596202,5.7872449013779415,3c2.A,T,P,G,D,S,T,H,A,egg,A/Auckland/10/2015,74.0,T,L,G,D,S,T,H,A,0,1,0,0,0,0,0,0
94,A/Auckland/21/2013-egg,"[u'H156R', u'G186V', u'S219F']",[],[],2013.5968514715948,0.8193587096719867,4.893098099214652,3c,K,L,V,N,F,T,R,A,egg,A/Auckland/21/2013,75.0,K,L,G,N,S,T,H,A,0,0,1,0,1,0,1,0
98,A/Austria/64/2011-egg,[],[],[],2011.104038329911,0.0,0.8916137437250452,unassigned,K,L,G,N,S,T,H,A,egg,A/Austria/64/2011,,K,L,G,N,S,T,H,A,0,0,0,0,0,0,0,0
157,A/Bangladesh/5014/2009-egg,[],[],[],2009.37234770705,0.0,0.35433097169696826,unassigned,K,L,V,N,S,T,Q,A,egg,A/Bangladesh/5014/2009,4.0,K,L,G,N,S,T,H,A,0,0,1,0,0,0,1,0
166,A/Bangladesh/9269/2013-egg,"[u'S145N', u'L194P']",[],[],2013.3586584531142,0.02671776589882715,4.772602168524764,3c2,R,P,G,N,S,T,H,A,egg,A/Bangladesh/9269/2013,76.0,K,L,G,N,S,T,H,A,1,1,0,0,0,0,0,0
168,A/Bangladesh/9334/2013-egg,"[u'N144K', u'H156Q', u'G186S']",[],[],2013.3449691991786,0.3347275449356953,4.408466925957085,3c,K,L,S,N,S,T,Q,A,egg,A/Bangladesh/9334/2013,,K,L,G,N,S,T,H,A,0,0,1,0,0,0,1,0
189,A/Berlin/93/2011-egg,"[u'H156R', u'G186S']",[u'I193T'],[],2011.501026694045,1.1231526354459533,4.044217986491994,3c,K,L,S,N,S,T,R,A,egg,A/Berlin/93/2011,,K,L,G,N,S,T,H,A,0,0,1,0,0,0,1,0
249,A/Bretagne/1565/2017-egg,"[u'T160K', u'L194P', u'T203I']",[],[],2017.8870636550307,0.026717755290624336,6.09793707863548,A2/re,K,P,G,D,F,I,H,A,egg,A/Bretagne/1565/2017,5.0,T,L,G,D,S,T,H,A,1,1,0,0,1,1,0,0
251,A/Brisbane/1/2012-egg,[u'G186V'],[],[],2012.0136892539356,1.9574093632912933e-10,3.2697926980819836,3c,K,L,V,N,S,T,H,A,egg,A/Brisbane/1/2012,77.0,K,L,G,N,S,T,H,A,0,0,1,0,0,0,0,0
253,A/Brisbane/1/2013-egg,"[u'G186V', u'S219F', u'I226S']",[],[u'C12Y'],2013.0054757015744,1.5969309080147536e-09,4.397157057382664,3c2,K,L,V,N,F,T,H,A,egg,A/Brisbane/1/2013,78.0,K,L,G,N,S,T,H,A,0,0,1,0,1,0,0,0
256,A/Brisbane/1/2018-egg,[],[],[],2018.002737850787,0.0,6.042038870433116,A2/re,K,P,G,D,S,T,H,A,egg,A/Brisbane/1/2018,79.0,T,L,G,D,S,T,H,A,1,1,0,0,0,0,0,0
259,A/Brisbane/11/2010-egg,"[u'L194P', u'V309I']",[],[],2010.3969883641341,0.02671776529550918,0.7823711099042749,unassigned,K,P,G,N,S,T,H,A,egg,A/Brisbane/11/2010,6.0,K,L,G,N,S,T,H,A,0,1,0,0,0,0,0,0
261,A/Brisbane/174/2015-egg,"[u'T167A', u'L194P', u'T203I']",[],[u'I10T'],2015.6817248459959,0.026717755114195434,5.787244902764541,3c2.A,T,P,G,D,S,I,H,A,egg,A/Brisbane/174/2015,,T,L,G,D,S,T,H,A,0,1,0,0,0,1,0,0
263,A/Brisbane/183/2015-egg,"[u'A138S', u'L194P']",[],[],2015.7802874743327,0.026717757063150223,5.647848767630678,3c2.A,K,P,G,D,S,T,H,S,egg,A/Brisbane/183/2015,80.0,T,L,G,D,S,T,H,A,1,1,0,0,0,0,0,1
264,A/Brisbane/190/2017-egg,[],[],[],2017.7939767282683,0.0,5.961976674964025,A2/re,K,P,G,D,S,T,H,A,egg,A/Brisbane/190/2017,,T,L,G,D,S,T,H,A,1,1,0,0,0,0,0,0
265,A/Brisbane/192/2017-egg,[],[],[],2017.8049281314168,0.0,5.961976674964025,A2/re,K,P,G,D,S,T,H,A,egg,A/Brisbane/192/2017,,T,L,G,D,S,T,H,A,1,1,0,0,0,0,0,0
269,A/Brisbane/198/2013-egg,[u'L194P'],[],[],2013.8459958932237,0.026717753727596202,4.42387480951333,3c2,K,P,G,N,S,T,H,A,egg,A/Brisbane/198/2013,,K,L,G,N,S,T,H,A,0,1,0,0,0,0,0,0
273,A/Brisbane/28/2018-egg,[],[],[],2018.1204654346338,0.0,6.042038870433116,A2/re,K,P,G,D,S,T,H,A,egg,A/Brisbane/28/2018,81.0,T,L,G,D,S,T,H,A,1,1,0,0,0,0,0,0
276,A/Brisbane/29/2017-egg,[],[u'I200V'],[u'T3I'],2017.1806981519508,2.569850432888507e-09,6.663201363407744,A4,K,P,G,D,S,T,H,A,egg,A/Brisbane/29/2017,,T,L,G,D,S,T,H,A,1,1,0,0,0,0,0,0
278,A/Brisbane/32/2018-egg,[],[u'G181E'],[],2018.1943874058863,0.0,6.042038870433116,A2/re,K,P,G,D,S,T,H,A,egg,A/Brisbane/32/2018,,T,L,G,D,S,T,H,A,1,1,0,0,0,0,0,0
279,A/Brisbane/321/2016-egg,[u'I203T'],[],[],2016.9664613278576,0.011893489904441017,5.9738701662550655,A2,K,P,G,D,S,T,H,A,egg,A/Brisbane/321/2016,,T,L,G,D,S,T,H,A,1,1,0,0,0,0,0,0
281,A/Brisbane/341/2014-egg,[],[],[],2014.7529089664613,0.0,5.647848765681723,3c2.A,K,P,G,D,S,I,H,A,egg,A/Brisbane/341/2014,82.0,T,L,G,D,S,T,H,A,1,1,0,0,0,1,0,0
283,A/Brisbane/36/2018-egg,[],[],[],2018.2245037645448,0.0,7.204864245947482,A2/re,T,M,G,D,S,T,H,A,egg,A/Brisbane/36/2018,,T,L,G,D,S,T,H,A,0,1,0,0,0,0,0,0
285,A/Brisbane/4/2017-egg,[],[],[u'A16T'],2017.021902806297,9.571356990126679e-10,6.398187081420703,3c3.A,K,L,G,D,S,T,H,S,egg,A/Brisbane/4/2017,83.0,K,L,G,D,S,T,H,S,0,0,0,0,0,0,0,0
286,A/Brisbane/40/2018-egg,[],[],[],2018.2546201232033,0.0,6.042038870433116,A2/re,K,P,G,D,S,T,H,A,egg,A/Brisbane/40/2018,,T,L,G,D,S,T,H,A,1,1,0,0,0,0,0,0
288,A/Brisbane/43/2018-egg,[],[u'V18M'],[],2018.2628336755647,8.52127637691051e-09,5.961976683485301,A2/re,K,P,G,D,S,T,H,A,egg,A/Brisbane/43/2018,84.0,T,L,G,D,S,T,H,A,1,1,0,0,0,0,0,0
290,A/Brisbane/53/2009-egg,[],[],[],2009.3203285420946,0.0,2.472865750693832,unassigned,K,L,G,N,S,T,H,A,egg,A/Brisbane/53/2009,7.0,K,L,G,N,S,T,H,A,0,0,0,0,0,0,0,0
292,A/Brisbane/54/2009-egg,[],[],[],2009.3449691991786,0.0,0.5148393903844459,unassigned,K,P,G,N,S,T,H,A,egg,A/Brisbane/54/2009,8.0,K,L,G,N,S,T,H,A,0,1,0,0,0,0,0,0
298,A/Brisbane/82/2015-egg,"[u'T160K', u'L194P']",[],[],2015.3039014373717,0.026717753904025105,5.787244905135694,3c2.A,K,P,G,D,Y,T,H,A,egg,A/Brisbane/82/2015,85.0,T,L,G,D,S,T,H,A,1,1,0,0,1,0,0,0
307,A/Cairo/51/2012-egg,[],[u'F196L'],[],2012.930869267625,0.0,2.542949481823095,3c,K,L,G,N,S,T,H,A,egg,A/Cairo/51/2012,,K,L,G,N,S,T,H,A,0,0,0,0,0,0,0,0
313,A/California/61/2013-egg,[u'I217V'],[],[],2013.8213552361397,0.0,4.073739393045292,3c,K,L,V,N,Y,T,H,A,egg,A/California/61/2013,86.0,K,L,G,N,S,T,H,A,0,0,1,0,1,0,0,0
351,A/Canberra/2/2014-egg,"[u'H156Q', u'G186V']",[],[],2014.060232717317,4.223146514514833e-09,4.376524978121942,3c,K,L,V,N,S,T,Q,A,egg,A/Canberra/2/2014,,K,L,G,N,S,T,H,A,0,0,1,0,0,0,1,0
357,A/Canberra/82/2014-egg,[u'A304P'],[u'K82R'],[],2014.577686516085,0.0,5.647848766006918,3c2.A,T,P,G,G,S,T,H,A,egg,A/Canberra/82/2014,87.0,T,L,G,D,S,T,H,A,0,1,0,1,0,0,0,0
394,A/Christchurch/512/2012-egg,"[u'S91R', u'I242M', u'N246H']",[],[],2012.5092402464065,4.980867788477291e-09,1.937673879282761,3b,K,L,V,N,S,T,H,A,egg,A/Christchurch/512/2012,,K,L,G,N,S,T,H,A,0,0,1,0,0,0,0,0
395,A/Christchurch/516/2017-egg,[],[],[],2017.7611225188227,0.0,5.961976674964025,A2/re,K,P,G,D,S,T,H,A,egg,A/Christchurch/516/2017,,T,L,G,D,S,T,H,A,1,1,0,0,0,0,0,0
423,A/Colorado/18/2012-egg,"[u'H156R', u'G186V']",[],[],2012.7830253251198,0.8193587091837045,5.216515764969438,3c2,K,L,V,N,S,T,R,A,egg,A/Colorado/18/2012,88.0,K,L,G,N,S,T,H,A,0,0,1,0,0,0,1,0
425,A/Colorado/6/2009-egg,[u'G186V'],[],[],2009.0547570157426,1.9574093632912933e-10,1.9574093632912933e-10,unassigned,K,L,V,N,S,T,H,A,egg,A/Colorado/6/2009,,K,L,G,N,S,T,H,A,0,0,1,0,0,0,0,0
445,A/Connecticut/25/2018-egg,"[u'T160K', u'G186V']",[],[],2018.2354551676933,3.7216983954988613e-10,5.935258923702331,A2/re,K,L,V,D,F,T,H,A,egg,A/Connecticut/25/2018,9.0,T,L,G,D,S,T,H,A,1,0,1,0,1,0,0,0
453,A/CostaRica/4700/2013-egg,"[u'L194P', u'T203I']",[],[],2013.5639972621493,0.026717755114195434,3.8871494539673423,3c,K,P,G,N,S,I,H,A,egg,A/CostaRica/4700/2013,89.0,K,L,G,N,S,T,H,A,0,1,0,0,0,1,0,0
467,A/CzechRepublic/18/2014-egg,[],[u'I108L'],[],2014.9609856262834,0.0,5.022334477191798,3c3.B,K,L,G,N,S,T,H,A,egg,A/CzechRepublic/18/2014,,K,L,G,N,S,T,H,A,0,0,0,0,0,0,0,0
468,A/CzechRepublic/20/2014-egg,[],[u'D160N'],[],2014.996577686516,0.5367253584658173,5.473920362642312,3c3.A,K,L,G,D,S,T,H,S,egg,A/CzechRepublic/20/2014,,K,L,G,D,S,T,H,S,0,0,0,0,0,0,0,0
469,A/CzechRepublic/22/2014-egg,[],[],[],2014.9609856262834,0.0,5.621131010391099,3c2.A,T,L,G,D,S,T,H,A,egg,A/CzechRepublic/22/2014,,T,L,G,D,S,T,H,A,0,0,0,0,0,0,0,0
470,A/CzechRepublic/31/2015-egg,[],[],[],2015.0492813141684,0.0,5.022334477191798,3c3.B,K,L,G,N,S,T,H,A,egg,A/CzechRepublic/31/2015,,K,L,G,N,S,T,H,A,0,0,0,0,0,0,0,0
471,A/CzechRepublic/35/2015-egg,[],[u'S71T'],[],2015.0766598220398,0.0,5.022334477191798,3c3.B,K,L,G,N,S,T,H,A,egg,A/CzechRepublic/35/2015,,K,L,G,N,S,T,H,A,0,0,0,0,0,0,0,0
472,A/CzechRepublic/45/2015-egg,[],[],[],2015.0711841204654,0.0,5.621131010391099,3c2.A,T,L,G,D,S,T,H,A,egg,A/CzechRepublic/45/2015,,T,L,G,D,S,T,H,A,0,0,0,0,0,0,0,0
473,A/CzechRepublic/60/2015-egg,[],[u'A43S'],[],2015.0903490759754,0.0,5.022334475035287,3c3.B,K,L,G,N,S,T,H,A,egg,A/CzechRepublic/60/2015,,K,L,G,N,S,T,H,A,0,0,0,0,0,0,0,0
474,A/CzechRepublic/63/2015-egg,[],[],[],2015.0876112251883,0.0,5.12499598095101,3c,K,L,G,N,S,T,H,A,egg,A/CzechRepublic/63/2015,,K,L,G,N,S,T,H,A,0,0,0,0,0,0,0,0
475,A/CzechRepublic/64/2015-egg,[],[],[],2015.0903490759754,0.0,5.022334477191798,3c3.B,K,L,G,N,S,T,H,A,egg,A/CzechRepublic/64/2015,,K,L,G,N,S,T,H,A,0,0,0,0,0,0,0,0
486,A/Delaware/32/2016-egg,"[u'T128N', u'A138S', u'T160I', u'G186V', u'S219Y', u'D225G']",[],[],2016.8733744010951,0.3127633817683042,6.395894028926791,A1,I,L,V,G,Y,T,H,S,egg,A/Delaware/32/2016,10.0,T,L,G,D,S,T,H,A,1,0,1,1,1,0,0,1
558,A/Fiji/1/2014-egg,[],[],[],2014.3258042436687,0.0,4.073739393045292,3c,K,L,V,N,Y,T,H,A,egg,A/Fiji/1/2014,90.0,K,L,G,N,S,T,H,A,0,0,1,0,1,0,0,0
560,A/Fiji/2/2015-egg,[],[],[],2015.1642710472279,0.0,5.647848766006918,3c2.A,T,P,G,G,S,T,H,A,egg,A/Fiji/2/2015,,T,L,G,D,S,T,H,A,0,1,0,1,0,0,0,0
566,A/Fiji/60/2016-egg,[],[],[],2016.4024640657085,0.0,5.740839624168615,3c2.A,K,P,G,G,S,T,H,A,egg,A/Fiji/60/2016,11.0,T,L,G,D,S,T,H,A,1,1,0,1,0,0,0,0
568,A/Fiji/7/2015-egg,[u'G225D'],[],[],2015.394250513347,1.604720453204004e-09,5.647848767611639,3c2.A,T,P,G,D,S,T,H,A,egg,A/Fiji/7/2015,91.0,T,L,G,D,S,T,H,A,0,1,0,0,0,0,0,0
582,A/Florida/40/2012-egg,"[u'H156Q', u'G186V']",[],[],2012.6324435318274,4.223146514514833e-09,4.688709090588914,3c,K,L,V,N,S,T,Q,A,egg,A/Florida/40/2012,,K,L,G,N,S,T,H,A,0,0,1,0,0,0,1,0
591,A/Fujian-Tongan/196/2009-egg,[],[],[],2009.3449691991786,0.0,2.2981320476598466,unassigned,K,L,G,N,S,T,H,A,egg,A/Fujian-Tongan/196/2009,12.0,K,L,G,N,S,T,H,A,0,0,0,0,0,0,0,0
633,A/Glasgow/407664/2012-egg,[u'L194P'],[],[],2012.2546201232033,0.026717753727596202,2.947783104773636,3c,K,P,G,N,S,T,H,A,egg,A/Glasgow/407664/2012,13.0,K,L,G,N,S,T,H,A,0,1,0,0,0,0,0,0
634,A/Glasgow/RVL5/2012-egg,"[u'H156R', u'G186V']",[u'V200F'],[],2012.971937029432,0.8193587091837045,4.893098090205093,3c,K,L,V,N,S,T,R,A,egg,A/Glasgow/RVL5/2012,,K,L,G,N,S,T,H,A,0,0,1,0,0,0,1,0
638,A/Greece/4/2017-egg,"[u'T160K', u'L194P', u'T203I']",[],[],2017.002737850787,0.026717755290624336,6.020550199062216,A1a,K,P,G,D,S,I,H,A,egg,A/Greece/4/2017,,T,L,G,D,S,T,H,A,1,1,0,0,0,1,0,0
641,A/Guadeloupe/4127/2014-egg,"[u'G186V', u'S219F']",[],[],2014.1095140314853,6.840230799591878e-10,4.073739394115679,3c,K,L,V,N,F,T,H,A,egg,A/Guadeloupe/4127/2014,92.0,K,L,G,N,S,T,H,A,0,0,1,0,1,0,0,0
648,A/Guangdong-Luohu/1256/2009-egg,[],[],[],2009.4166973215674,0.0,1.1353066719690512,unassigned,K,P,G,N,S,T,H,A,egg,A/Guangdong-Luohu/1256/2009,14.0,K,L,G,N,S,T,H,A,0,1,0,0,0,0,0,0
650,A/Guangdong-Luohu/1257/2009-egg,[],[],[],2009.413415468857,0.0,1.1353066719690512,unassigned,K,P,G,N,S,T,H,A,egg,A/Guangdong-Luohu/1257/2009,15.0,K,L,G,N,S,T,H,A,0,1,0,0,0,0,0,0
658,A/GuangdongFutian/1253/2009-egg,[],[],[],2009.5261867963309,0.0,1.4573162650816578,unassigned,K,L,G,N,S,T,H,A,egg,A/GuangdongFutian/1253/2009,16.0,K,L,G,N,S,T,H,A,0,0,0,0,0,0,0,0
712,A/Hawaii/22/2012-egg,"[u'G186V', u'I226S']",[],[],2012.520191649555,1.1086487643846952e-09,2.9210653628427674,3c,K,L,V,N,S,T,H,A,egg,A/Hawaii/22/2012,93.0,K,L,G,N,S,T,H,A,0,0,1,0,0,0,0,0
714,A/Hawaii/23/2012-egg,"[u'H156R', u'G186S']",[],[],2012.5722108145105,0.8193587089879635,3.934253868407631,3c,K,L,S,N,S,T,R,A,egg,A/Hawaii/23/2012,94.0,K,L,G,N,S,T,H,A,0,0,1,0,0,0,1,0
716,A/Hawaii/25/2012-egg,"[u'G186V', u'S219F']",[],[],2012.6735112936344,6.840230799591878e-10,2.9210653624181417,3c,K,L,V,N,F,T,H,A,egg,A/Hawaii/25/2012,95.0,K,L,G,N,S,T,H,A,0,0,1,0,1,0,0,0
719,A/Hawaii/27/2012-egg,[u'G186V'],[],[],2012.6461327857633,1.9574093632912933e-10,1.6424246748895397,unassigned,K,L,V,N,S,T,H,A,egg,A/Hawaii/27/2012,96.0,K,L,G,N,S,T,H,A,0,0,1,0,0,0,0,0
728,A/Hawaii/44/2017-egg,"[u'T160K', u'L194V', u'D225G', u'I226T']",[],[],2017.6132785763175,1.0768916679180587e-08,6.6364836299099785,A4,K,V,G,G,S,T,H,A,egg,A/Hawaii/44/2017,17.0,T,L,G,D,S,T,H,A,1,1,0,1,0,0,0,0
763,A/HongKong/2277/2017-egg,"[u'A138S', u'T160K', u'G186V', u'S219F', u'D225G']",[],[],2017.3778234086242,5.9078002640066666e-09,6.645425229610769,A1b/135K,K,L,V,G,F,T,H,S,egg,A/HongKong/2277/2017,18.0,T,L,G,D,S,T,H,A,1,0,1,1,1,0,0,1
764,A/HongKong/2286/2017-egg,"[u'G78D', u'T160K', u'G186V', u'S219Y', u'R255K']",[],[],2017.3887748117727,3.798779385293312e-09,6.645425228105611,A1b/135K,K,L,V,D,Y,T,H,A,egg,A/HongKong/2286/2017,,T,L,G,D,S,T,H,A,1,0,1,0,1,0,0,0
774,A/HongKong/26560/2009-egg,[],[],[],2009.7118412046543,0.0,1.484034018809254,unassigned,K,P,G,N,S,T,H,A,egg,A/HongKong/26560/2009,19.0,K,L,G,N,S,T,H,A,0,1,0,0,0,0,0,0
778,A/HongKong/32/2013-egg,[u'G186V'],[],[],2013.0054757015744,1.9574093632912933e-10,3.860431701298569,3c,K,L,V,N,S,T,H,A,egg,A/HongKong/32/2013,97.0,K,L,G,N,S,T,H,A,0,0,1,0,0,0,0,0
786,A/HongKong/4547/2009-egg,[],[],[],2009.520191649555,0.0,0.5951427919662412,unassigned,K,L,G,N,S,T,H,A,egg,A/HongKong/4547/2009,20.0,K,L,G,N,S,T,H,A,0,0,0,0,0,0,0,0
789,A/HongKong/4801/2014-egg,"[u'N96S', u'I140K']",[],[],2014.1533196440794,1.9934239156582564e-09,5.647848766288548,3c2.A,K,P,G,D,S,T,H,A,egg,A/HongKong/4801/2014,21.0,T,L,G,D,S,T,H,A,1,1,0,0,0,0,0,0
795,A/HongKong/50/2016-egg,"[u'A138S', u'T160K', u'L194P']",[u'E155G'],[],2015.993839835729,0.026717757530738764,5.67181612503238,A1,K,P,G,D,S,T,H,S,egg,A/HongKong/50/2016,98.0,T,L,G,D,S,T,H,A,1,1,0,0,0,0,0,1
799,A/HongKong/5738/2014-egg,"[u'T203I', u'S312N']",[],[],2014.3258042436687,5.169511419197763e-09,5.647848769464635,3c2.A,K,P,G,D,S,I,H,A,egg,A/HongKong/5738/2014,99.0,T,L,G,D,S,T,H,A,1,1,0,0,0,1,0,0
805,A/HongKong/7127/2014-egg,[u'D225G'],[],[],2014.5722108145105,1.7117942601388726e-09,5.647848766006918,3c2.A,K,P,G,G,S,T,H,A,egg,A/HongKong/7127/2014,100.0,T,L,G,D,S,T,H,A,1,1,0,1,0,0,0,0
831,A/Idaho/33/2016-egg,[],[],[],2016.432580424367,0.0,5.441256839246466,3c3.A,K,L,G,D,S,T,H,S,egg,A/Idaho/33/2016,22.0,K,L,G,D,S,T,H,S,0,0,0,0,0,0,0,0
833,A/Idaho/37/2016-egg,"[u'R142G', u'T160K', u'L164V', u'G186D', u'D190G', u'D225G']",[],[],2016.766598220397,0.21330769674480404,6.207140152176483,A1a,K,L,D,G,S,T,H,A,egg,A/Idaho/37/2016,23.0,T,L,G,D,S,T,H,A,1,0,1,1,0,0,0,0
877,A/Jiangsu-Chongchuan/12179/2014-egg,[],[],[],2014.6926762491444,0.0,3.6127356099513745,unassigned,K,P,G,N,S,T,H,A,egg,A/Jiangsu-Chongchuan/12179/2014,,K,L,G,N,S,T,H,A,0,1,0,0,0,0,0,0
878,A/Jiangsu-Chongchuan/12714/2015-egg,[],[],[],2015.8624229979466,0.0,3.6127356099513745,unassigned,K,P,G,N,S,T,H,A,egg,A/Jiangsu-Chongchuan/12714/2015,,K,L,G,N,S,T,H,A,0,1,0,0,0,0,0,0
879,A/Jiangsu-Chongchuan/12908/2015-egg,[],[],[],2015.9199178644765,0.0,3.6127356099513745,unassigned,K,P,G,N,S,T,H,A,egg,A/Jiangsu-Chongchuan/12908/2015,,K,L,G,N,S,T,H,A,0,1,0,0,0,0,0,0
880,A/Jiangsu-Chongchuan/1830/2014-egg,[],[],[],2014.2655715263518,0.0,3.6127356099513745,unassigned,K,P,G,N,S,T,H,A,egg,A/Jiangsu-Chongchuan/1830/2014,,K,L,G,N,S,T,H,A,0,1,0,0,0,0,0,0
881,A/Jiangsu-Danyang/1647/2012-egg,[],[],[],2012.7775496235456,0.0,3.0760102514855574,unassigned,K,P,G,N,S,T,H,A,egg,A/Jiangsu-Danyang/1647/2012,,K,L,G,N,S,T,H,A,0,1,0,0,0,0,0,0
882,A/Jiangsu-Donghai/57/2012-egg,[u'G186A'],[],[],2012.6735112936344,0.0,3.0760102514855574,unassigned,K,P,A,N,S,T,H,A,egg,A/Jiangsu-Donghai/57/2012,,K,L,G,N,S,T,H,A,0,1,1,0,0,0,0,0
884,A/Jiangsu-Qingpu/1660/2015-egg,[],[],[],2015.3230663928816,0.0,4.937195004176495,3c3.A,K,L,R,D,S,T,H,S,egg,A/Jiangsu-Qingpu/1660/2015,,K,L,G,D,S,T,H,S,0,0,1,0,0,0,0,0
885,A/Jiangsu-Sucheng/1309/2016-egg,[],[],[],2016.2956878850102,0.0,4.937195005638951,3c3.A,K,L,R,D,S,T,H,S,egg,A/Jiangsu-Sucheng/1309/2016,,K,L,G,D,S,T,H,S,0,0,1,0,0,0,0,0
886,A/Jiangsu-Sucheng/1489/2017-egg,[],[],[],2017.4681724845996,0.0,4.937195005638951,3c3.A,K,L,R,D,S,T,H,S,egg,A/Jiangsu-Sucheng/1489/2017,,K,L,G,D,S,T,H,S,0,0,1,0,0,0,0,0
887,A/Jiangsu-Sucheng/1834/2017-egg,[],[],[],2017.7939767282683,0.0,4.937195005638951,3c3.A,K,L,R,D,S,T,H,S,egg,A/Jiangsu-Sucheng/1834/2017,,K,L,G,D,S,T,H,S,0,0,1,0,0,0,0,0
888,A/Jiangsu-Tianning/1707/2013-egg,[],[],[],2013.8213552361397,0.0,3.0760102514855574,unassigned,K,P,G,N,S,T,H,A,egg,A/Jiangsu-Tianning/1707/2013,,K,L,G,N,S,T,H,A,0,1,0,0,0,0,0,0
889,A/Jiangsu-Wujin/318/2013-egg,[],[u'C220R'],[],2013.9281314168377,0.0,3.0760102514855574,unassigned,K,P,G,N,S,T,H,A,egg,A/Jiangsu-Wujin/318/2013,,K,L,G,N,S,T,H,A,0,1,0,0,0,0,0,0
890,A/Jiangsu-Xinpu/1205/2012-egg,[],[],[],2012.3477070499657,0.0,3.0760102514855574,unassigned,K,P,G,N,S,T,H,A,egg,A/Jiangsu-Xinpu/1205/2012,,K,L,G,N,S,T,H,A,0,1,0,0,0,0,0,0
891,A/Jiangsu-Xinpu/1385/2012-egg,[],[],[],2012.640657084189,0.0,3.6127356099513745,unassigned,K,P,G,N,S,T,H,A,egg,A/Jiangsu-Xinpu/1385/2012,,K,L,G,N,S,T,H,A,0,1,0,0,0,0,0,0
892,A/Jiangsu-Xinpu/1963/2014-egg,[],[],[],2014.9199178644765,0.0,4.937195004176495,3c3.A,K,L,R,D,S,T,H,S,egg,A/Jiangsu-Xinpu/1963/2014,,K,L,G,D,S,T,H,S,0,0,1,0,0,0,0,0
908,A/Kalamata/540/2017-egg,"[u'R142G', u'G186I', u'D190S', u'N246H']",[],[],2017.0492813141684,0.2133076869995218,6.207140129421846,A1a,T,L,I,D,S,T,H,A,egg,A/Kalamata/540/2017,101.0,T,L,G,D,S,T,H,A,0,0,1,0,0,0,0,0
926,A/Kanagawa/AC1627/2017-egg,[],[],[],2017.0793976728269,0.0,6.663201360837894,A4,K,P,G,D,S,T,H,A,egg,A/Kanagawa/AC1627/2017,,T,L,G,D,S,T,H,A,1,1,0,0,0,0,0,0
927,A/Kanagawa/AC1709/2017-egg,[u'D188Y'],[],[],2017.933607118412,0.0,6.042038870256687,A2/re,T,P,G,D,S,T,H,A,egg,A/Kanagawa/AC1709/2017,,T,L,G,D,S,T,H,A,0,1,0,0,0,0,0,0
930,A/Kanagawa/AC1740/2018-egg,"[u'V88I', u'T203I']",[u'I193T'],[],2018.3969883641341,1.132071316890441,7.174110187323556,A2/re,K,P,G,D,S,I,H,A,egg,A/Kanagawa/AC1740/2018,102.0,T,L,G,D,S,T,H,A,1,1,0,0,0,1,0,0
934,A/Kanagawa/IC1610/2017-egg,"[u'A138S', u'H183L', u'L194M', u'D225G', u'P227H']",[u'K82N'],[],2017.024640657084,1.18954313446574,7.124802055525739,A2,T,M,G,G,S,T,H,S,egg,A/Kanagawa/IC1610/2017,,T,L,G,D,S,T,H,A,0,1,0,1,0,0,0,1
935,A/Kanagawa/IC1618/2017-egg,[u'A304T'],[u'A201V'],[],2017.0520191649555,0.3027855928774065,6.264762269228031,A2,K,P,G,D,S,I,H,A,egg,A/Kanagawa/IC1618/2017,,T,L,G,D,S,T,H,A,1,1,0,0,0,1,0,0
937,A/Kanagawa/IC1725/2018-egg,"[u'T131N', u'A138S', u'D190G', u'D225G', u'P227S', u'N246T']",[],[],2018.0465434633813,7.488588976975518e-09,6.435476854483941,A1b/135N,T,L,G,G,S,T,H,S,egg,A/Kanagawa/IC1725/2018,103.0,T,L,G,D,S,T,H,A,0,0,0,1,0,0,0,1
940,A/Kanagawa/IC1739/2018-egg,"[u'T160K', u'L194P']",[],[],2018.1177275838468,0.026717753904025105,6.042038870433116,A2/re,K,P,G,D,S,T,H,A,egg,A/Kanagawa/IC1739/2018,104.0,T,L,G,D,S,T,H,A,1,1,0,0,0,0,0,0
942,A/Kanagawa/IC1745/2018-egg,[],[],[],2018.1642710472279,0.0,6.042038870433116,A2/re,K,P,G,D,S,T,H,A,egg,A/Kanagawa/IC1745/2018,105.0,T,L,G,D,S,T,H,A,1,1,0,0,0,0,0,0
947,A/Kanagawa/ZC1613/2017-egg,"[u'A138S', u'T160I', u'L194P', u'T203I']",[],[],2017.0985626283368,0.33948113260716856,6.197887271454045,A1,I,P,G,D,S,I,H,S,egg,A/Kanagawa/ZC1613/2017,106.0,T,L,G,D,S,T,H,A,1,1,0,0,0,1,0,1
955,A/Kansas/14/2017-egg,"[u'D190N', u'N246S']",[],[],2017.950034223135,2.9266582476090193e-09,6.39818708539292,3c3.A,K,L,G,D,S,T,H,S,egg,A/Kansas/14/2017,24.0,K,L,G,D,S,T,H,S,0,0,0,0,0,0,0,0
1073,A/Maine/5/2012-egg,"[u'Y98F', u'I226N']",[],[],2012.2546201232033,2.498285052673694e-09,3.269792700384528,3c,K,L,G,N,S,T,H,A,egg,A/Maine/5/2012,107.0,K,L,G,N,S,T,H,A,0,0,0,0,0,0,0,0
1114,A/Maryland/2/2012-egg,"[u'H156Q', u'G186V', u'S219Y']",[],[],2012.0465434633813,5.363229857635589e-09,1.9376738814720773,3b,K,L,V,N,Y,T,Q,A,egg,A/Maryland/2/2012,108.0,K,L,G,N,S,T,H,A,0,0,1,0,1,0,1,0
1143,A/Missouri/4/2013-egg,"[u'A138S', u'L194P']",[],[],2013.1998631074607,0.026717757063150223,4.423874812848884,3c2,K,P,G,N,S,T,H,S,egg,A/Missouri/4/2013,109.0,K,L,G,N,S,T,H,A,0,1,0,0,0,0,0,1
1196,A/Nebraska/19/2015-egg,"[u'T160K', u'L194P']",[],[],2015.807665982204,0.026717753904025105,5.923205302019917,3c2.A,K,P,G,D,S,T,H,A,egg,A/Nebraska/19/2015,25.0,T,L,G,D,S,T,H,A,1,1,0,0,0,0,0,0
1219,A/Nevada/20/2012-egg,"[u'G186V', u'N246T']",[],[],2012.2546201232033,1.9574093632912933e-10,1.9671972985011519,3b,K,L,V,N,S,T,H,A,egg,A/Nevada/20/2012,110.0,K,L,G,N,S,T,H,A,0,0,1,0,0,0,0,0
1222,A/NewCaledonia/71/2014-egg,[u'S9N'],[u'G150E'],[],2014.6132785763175,0.12400947787481585,5.771858243881734,3c2.A,T,P,G,G,S,T,H,A,egg,A/NewCaledonia/71/2014,,T,L,G,D,S,T,H,A,0,1,0,1,0,0,0,0
1224,A/NewHampshire/10/2012-egg,"[u'H156Q', u'G186V', u'S219F']",[],[],2012.3422313483916,4.711428658144892e-09,2.9210653648971747,3c,K,L,V,N,F,T,Q,A,egg,A/NewHampshire/10/2012,111.0,K,L,G,N,S,T,H,A,0,0,1,0,1,0,1,0
1226,A/NewHampshire/11/2012-egg,[],[],[],2012.7118412046543,0.0,2.9477831154617147,3c,K,P,G,N,S,T,H,A,egg,A/NewHampshire/11/2012,112.0,K,L,G,N,S,T,H,A,0,1,0,0,0,0,0,0
1227,A/NewHampshire/16/2012-egg,[u'G186V'],[u'A201V'],[],2012.8843258042436,0.3027855930731474,3.2238509441191874,3c,K,L,V,N,S,T,H,A,egg,A/NewHampshire/16/2012,,K,L,G,N,S,T,H,A,0,0,1,0,0,0,0,0
1237,A/NewYork/38/2012-egg,[],[],[],2012.7939767282683,0.0,2.9477831154617147,3c,K,P,G,N,S,T,H,A,egg,A/NewYork/38/2012,113.0,K,L,G,N,S,T,H,A,0,1,0,0,0,0,0,0
1258,A/Newcastle/1/2013-egg,"[u'G186V', u'S219F']",[],[],2013.0355920602328,6.840230799591878e-10,4.073739381705413,3c,K,L,V,N,F,T,H,A,egg,A/Newcastle/1/2013,114.0,K,L,G,N,S,T,H,A,0,0,1,0,1,0,0,0
1260,A/Newcastle/22/2014-egg,"[u'A138S', u'L194P']",[],[],2014.454483230664,0.026717757063150223,5.049052232098438,3c3.B,K,P,G,N,S,T,H,S,egg,A/Newcastle/22/2014,,K,L,G,N,S,T,H,A,0,1,0,0,0,0,0,1
1262,A/Newcastle/25/2014-egg,[u'G186V'],[],[],2014.3367556468172,1.9574093632912933e-10,5.022334475231029,3c3.B,K,L,V,N,S,T,H,A,egg,A/Newcastle/25/2014,,K,L,G,N,S,T,H,A,0,0,1,0,0,0,0,0
1265,A/Newcastle/36/2017-egg,"[u'T160R', u'L194P', u'T203I']",[],[],2017.2874743326488,0.026717755114195434,6.44741846894288,A1b,R,P,G,D,S,I,H,A,egg,A/Newcastle/36/2017,115.0,T,L,G,D,S,T,H,A,1,1,0,0,0,1,0,0
1301,A/NorthCarolina/13/2014-egg,[],[],[],2014.2847364818617,0.0,4.937195004372236,3c3.A,K,L,V,D,S,T,H,S,egg,A/NorthCarolina/13/2014,116.0,K,L,G,D,S,T,H,S,0,0,1,0,0,0,0,0
1310,A/Norway/1292/2012-egg,[u'L194P'],[],[],2012.3258042436687,0.026717753727596202,3.573905663062203,3c,K,P,G,N,S,T,H,A,egg,A/Norway/1292/2012,26.0,K,L,G,N,S,T,H,A,0,1,0,0,0,0,0,0
1322,A/Norway/2178/2014-egg,[u'I226T'],[],[],2014.5968514715948,8.880693515820958e-09,5.647848774562417,3c2.A,K,P,G,D,S,I,H,A,egg,A/Norway/2178/2014,27.0,T,L,G,D,S,T,H,A,1,1,0,0,0,1,0,0
1357,A/Norway/3806/2016-egg,"[u'T160K', u'L194P']",[],[],2016.4490075290896,0.026717753904025105,5.825349111753984,A1a,K,P,G,D,S,T,H,A,egg,A/Norway/3806/2016,28.0,T,L,G,D,S,T,H,A,1,1,0,0,0,0,0,0
1366,A/Norway/4465/2016-egg,[],[],[],2016.851471594798,0.0,5.961976676350624,A2,K,P,G,D,S,I,H,A,egg,A/Norway/4465/2016,29.0,T,L,G,D,S,T,H,A,1,1,0,0,0,1,0,0
1369,A/Norway/4849/2016-egg,"[u'T160K', u'L194P', u'D225G']",[],[],2016.9199178644765,0.026717755615819364,5.647848861174665,A3,K,P,G,G,S,T,H,A,egg,A/Norway/4849/2016,117.0,T,L,G,D,S,T,H,A,1,1,0,1,0,0,0,0
1378,A/Ohio/1/2013-egg,[],[],[],2013.0355920602328,0.0,4.3971570600088805,3c2,K,L,V,N,S,T,Q,A,egg,A/Ohio/1/2013,118.0,K,L,G,N,S,T,H,A,0,0,1,0,0,0,1,0
1383,A/Ohio/31/2017-egg,"[u'T160K', u'L194P', u'T203I']",[],[],2017.561259411362,0.026717755290624336,5.64784886084947,A3,K,P,G,D,S,I,H,A,egg,A/Ohio/31/2017,30.0,T,L,G,D,S,T,H,A,1,1,0,0,0,1,0,0
1423,A/Oregon/1/2013-egg,"[u'A138S', u'L194P']",[],[],2013.0273785078714,0.026717757063150223,4.423874812848884,3c2,K,P,G,N,S,T,H,S,egg,A/Oregon/1/2013,119.0,K,L,G,N,S,T,H,A,0,1,0,0,0,0,0,1
1438,A/Palau/6759/2014-egg,[],[],[],2014.2299794661192,0.0,4.937195005806317,3c3.A,K,L,G,D,S,T,H,S,egg,A/Palau/6759/2014,,K,L,G,D,S,T,H,S,0,0,0,0,0,0,0,0
1459,A/Pennsylvania/15/2010-egg,[],[],[],2010.72553045859,0.0,2.303579544316925,unassigned,K,L,G,N,S,T,H,A,egg,A/Pennsylvania/15/2010,31.0,K,L,G,N,S,T,H,A,0,0,0,0,0,0,0,0
1461,A/Pennsylvania/8/2013-egg,[],[],[],2013.7611225188227,0.0,4.073739393045292,3c,K,L,V,N,Y,T,H,A,egg,A/Pennsylvania/8/2013,,K,L,G,N,S,T,H,A,0,0,1,0,1,0,0,0
1464,A/Pennsylvania/9/2012-egg,[u'L194P'],[],[],2012.3039014373717,0.026717753727596202,3.141612913147264,3c,K,P,G,N,S,T,H,A,egg,A/Pennsylvania/9/2012,120.0,K,L,G,N,S,T,H,A,0,1,0,0,0,0,0,0
1467,A/Perth/1/2014-egg,[],[],[],2014.0,0.0,4.07373939087849,3c,K,L,V,N,Y,T,H,A,egg,A/Perth/1/2014,,K,L,G,N,S,T,H,A,0,0,1,0,1,0,0,0
1471,A/Perth/15/2009-egg,[],[],[],2009.2628336755647,0.0,2.303579544316925,unassigned,K,L,G,N,S,T,H,A,egg,A/Perth/15/2009,32.0,K,L,G,N,S,T,H,A,0,0,0,0,0,0,0,0
1474,A/Perth/16/2009-egg,[],[],[],2009.2628336755647,0.0,2.303579544316925,unassigned,K,L,G,N,S,T,H,A,egg,A/Perth/16/2009,33.0,K,L,G,N,S,T,H,A,0,0,0,0,0,0,0,0
1475,A/Perth/2/2014-egg,[],[],[],2014.0,0.0,4.07373939087849,3c,K,L,V,N,Y,T,H,A,egg,A/Perth/2/2014,,K,L,G,N,S,T,H,A,0,0,1,0,1,0,0,0
1476,A/Perth/239/2013-egg,"[u'L194P', u'T203I']",[],[],2013.7337440109513,0.026717755114195434,4.423874810899929,3c2,K,P,G,N,S,I,H,A,egg,A/Perth/239/2013,,K,L,G,N,S,T,H,A,0,1,0,0,0,1,0,0
1482,A/Perth/501/2010-egg,[u'L194P'],[],[],2010.3805612594113,0.026717753727596202,0.782371098336362,unassigned,K,P,G,N,S,T,H,A,egg,A/Perth/501/2010,34.0,K,L,G,N,S,T,H,A,0,1,0,0,0,0,0,0
1513,A/Philippines/2191/2009-egg,[],[],[],2009.3969883641341,0.0,1.1353066719690512,unassigned,K,P,G,N,S,T,H,A,egg,A/Philippines/2191/2009,35.0,K,L,G,N,S,T,H,A,0,1,0,0,0,0,0,0
1542,A/Qingdao/505/2009-egg,"[u'F147L', u'T283A', u'P293S']",[],[u'L13M'],2009.6488706365503,1.346936826488955e-08,1.1085889317108233,unassigned,K,L,G,N,S,T,H,A,egg,A/Qingdao/505/2009,,K,L,G,N,S,T,H,A,0,0,0,0,0,0,0,0
1543,A/Qingdao/522/2009-egg,[],[u'T59A'],[],2009.6652977412732,0.0,1.108588918241455,unassigned,K,L,G,N,S,T,H,A,egg,A/Qingdao/522/2009,,K,L,G,N,S,T,H,A,0,0,0,0,0,0,0,0
1549,A/RhodeIsland/1/2010-egg,"[u'H183L', u'D188Y']",[],[],2010.0684462696784,1.1895431294183916,2.0811568731434367,unassigned,K,L,G,N,S,T,H,A,egg,A/RhodeIsland/1/2010,36.0,K,L,G,N,S,T,H,A,0,0,0,0,0,0,0,0
1550,A/RhodeIsland/2/2018-egg,[u'T160K'],[],[],2018.0054757015744,1.764289032207568e-10,7.20486424612391,A2/re,K,M,G,D,S,T,H,A,egg,A/RhodeIsland/2/2018,,T,L,G,D,S,T,H,A,1,1,0,0,0,0,0,0
1569,A/Saitama/103/2014-egg,[],[u'H106L'],[],2014.8761122518822,0.0,5.621131010391099,3c2.A,T,L,G,D,S,T,H,A,egg,A/Saitama/103/2014,37.0,T,L,G,D,S,T,H,A,0,0,0,0,0,0,0,0
1637,A/Shandong-Laicheng/1760/2016-egg,"[u'D225G', u'N246S']",[],[],2016.9472963723476,3.174249796188575e-09,4.937195007350745,3c3.A,K,L,G,G,S,T,H,S,egg,A/Shandong-Laicheng/1760/2016,,K,L,G,D,S,T,H,S,0,0,0,1,0,0,0,0
1638,A/Shandong-Laicheng/1763/2016-egg,"[u'I140M', u'G186I', u'I214T', u'D225G', u'N246H']",[],[],2016.9472963723476,0.029523436737963267,4.966718440914458,3c3.A,K,L,I,G,S,T,H,S,egg,A/Shandong-Laicheng/1763/2016,,K,L,G,D,S,T,H,S,0,0,1,1,0,0,0,0
1647,A/ShanghaiLuwan/188/2011-egg,[],[],[],2011.1204654346338,0.0,2.4728657594165746,unassigned,K,L,G,N,S,T,H,A,egg,A/ShanghaiLuwan/188/2011,38.0,K,L,G,N,S,T,H,A,0,0,0,0,0,0,0,0
1662,A/Singapore/22/2012-egg,[u'G186V'],[],[],2012.4298425735797,1.9574093632912933e-10,3.860431697515657,3c,K,L,V,N,S,T,H,A,egg,A/Singapore/22/2012,121.0,K,L,G,N,S,T,H,A,0,0,1,0,0,0,0,0
1665,A/Singapore/C2011545C/2011-egg,[],[],[],2011.542094455852,0.0,2.4743992325719697,3b,K,L,G,N,S,T,H,A,egg,A/Singapore/C2011545C/2011,39.0,K,L,G,N,S,T,H,A,0,0,0,0,0,0,0,0
1668,A/Singapore/CGH05/2013-egg,"[u'N96S', u'L194P']",[],[],2013.4024640657085,0.026717754875826075,4.42387481066156,3c2,K,P,G,N,S,T,H,A,egg,A/Singapore/CGH05/2013,122.0,K,L,G,N,S,T,H,A,0,1,0,0,0,0,0,0
1671,A/Singapore/GP0077/2018-egg,"[u'T160K', u'L194P', u'T203I']",[],[],2018.0273785078714,0.026717755290624336,6.221382777793557,A1b/135N,K,P,G,D,S,I,H,A,egg,A/Singapore/GP0077/2018,,T,L,G,D,S,T,H,A,1,1,0,0,0,1,0,0
1680,A/Singapore/GP1523/2014-egg,"[u'N31S', u'D225N', u'R269K']",[],[],2014.520191649555,0.27739521295021946,5.925243977245343,3c2.A,K,P,G,N,S,T,H,A,egg,A/Singapore/GP1523/2014,,T,L,G,D,S,T,H,A,1,1,0,1,0,0,0,0
1681,A/Singapore/GP1599/2013-egg,[u'S219F'],[],[],2013.8213552361397,4.882821436300585e-10,4.073739390226689,3c,K,L,V,N,F,T,H,A,egg,A/Singapore/GP1599/2013,,K,L,G,N,S,T,H,A,0,0,1,0,1,0,0,0
1683,A/Singapore/GP1940/2013-egg,"[u'H156R', u'D225G']",[],[u'A16T'],2013.9281314168377,0.8193587116568934,5.756553715833388,3c3.A,K,L,G,G,S,T,R,S,egg,A/Singapore/GP1940/2013,123.0,K,L,G,D,S,T,H,S,0,0,0,1,0,0,1,0
1685,A/Singapore/GP2050/2015-egg,"[u'L194P', u'D225N']",[],[],2015.9390828199862,0.026717755229451908,5.787244902879797,3c2.A,T,P,G,N,S,T,H,A,egg,A/Singapore/GP2050/2015,124.0,T,L,G,D,S,T,H,A,0,1,0,1,0,0,0,0
1686,A/Singapore/GP2646/2016-egg,"[u'T160A', u'G186V', u'D190N', u'D225G']",[],[],2016.9363449691991,0.08727617455862005,6.109146855316521,A1b,A,L,V,G,S,T,H,A,egg,A/Singapore/GP2646/2016,,T,L,G,D,S,T,H,A,1,0,1,1,0,0,0,0
1691,A/Singapore/GP637/2013-egg,"[u'G186V', u'N246H']",[],[],2013.3039014373717,1.34428439245447e-09,4.397157057130018,3c2,K,L,V,N,S,T,H,A,egg,A/Singapore/GP637/2013,125.0,K,L,G,N,S,T,H,A,0,0,1,0,0,0,0,0
1694,A/Singapore/H2009332C/2009-egg,[],[],[],2009.3285420944558,0.0,1.2833226212754405,unassigned,K,L,G,N,S,T,H,A,egg,A/Singapore/H2009332C/2009,40.0,K,L,G,N,S,T,H,A,0,0,0,0,0,0,0,0
1696,A/Singapore/H2009334C/2009-egg,[],[],[],2009.331279945243,0.0,1.2833226212754405,unassigned,K,L,G,N,S,T,H,A,egg,A/Singapore/H2009334C/2009,41.0,K,L,G,N,S,T,H,A,0,0,0,0,0,0,0,0
1698,A/Singapore/H2009471C/2009-egg,[],[],[],2009.4681724845996,0.0,1.2833226264823787,unassigned,K,L,G,N,S,T,H,A,egg,A/Singapore/H2009471C/2009,42.0,K,L,G,N,S,T,H,A,0,0,0,0,0,0,0,0
1700,A/Singapore/H2010321C/2010-egg,[],[],[],2010.3175906913073,0.0,0.8916137548009044,unassigned,K,L,G,N,S,T,H,A,egg,A/Singapore/H2010321C/2010,43.0,K,L,G,N,S,T,H,A,0,0,0,0,0,0,0,0
1702,A/Singapore/H2010370C/2010-egg,[],[],[],2010.3668720054757,0.0,0.7556533446087658,unassigned,K,L,G,N,S,T,H,A,egg,A/Singapore/H2010370C/2010,44.0,K,L,G,N,S,T,H,A,0,0,0,0,0,0,0,0
1704,A/Singapore/H2010471C/2010-egg,[],[],[],2010.4681724845996,0.0,0.755653345170185,unassigned,K,L,G,N,S,T,H,A,egg,A/Singapore/H2010471C/2010,45.0,K,L,G,N,S,T,H,A,0,0,0,0,0,0,0,0
1707,A/Singapore/H2010564C/2010-egg,[],[],[],2010.561259411362,0.0,0.8550133088461069,unassigned,K,L,G,N,S,T,H,A,egg,A/Singapore/H2010564C/2010,46.0,K,L,G,N,S,T,H,A,0,0,0,0,0,0,0,0
1709,A/Singapore/H2010666C/2010-egg,[],[],[],2010.662559890486,0.0,0.8916137522463216,unassigned,K,L,G,N,S,T,H,A,egg,A/Singapore/H2010666C/2010,47.0,K,L,G,N,S,T,H,A,0,0,0,0,0,0,0,0
1711,A/Singapore/H2011460cC/2011-egg,[],[],[],2011.457221081451,0.0,1.9376738741061523,3b,K,L,G,N,S,T,H,A,egg,A/Singapore/H2011460cC/2011,48.0,K,L,G,N,S,T,H,A,0,0,0,0,0,0,0,0
1713,A/Singapore/H2011504C/2011-egg,[],[],[],2011.501026694045,0.0,1.9376738741061523,3b,K,L,G,N,S,T,H,A,egg,A/Singapore/H2011504C/2011,49.0,K,L,G,N,S,T,H,A,0,0,0,0,0,0,0,0
1715,A/Singapore/H2011704C/2011-egg,[],[],[],2011.7008898015058,0.0,1.9376738741061523,3b,K,L,G,N,S,T,H,A,egg,A/Singapore/H2011704C/2011,50.0,K,L,G,N,S,T,H,A,0,0,0,0,0,0,0,0
1717,A/Singapore/H2011808bC/2011-egg,[],[],[],2011.8049281314168,0.0,2.92106535104604,3c,K,L,G,N,S,T,H,A,egg,A/Singapore/H2011808bC/2011,51.0,K,L,G,N,S,T,H,A,0,0,0,0,0,0,0,0
1726,A/Singapore/Infimh-16-0019/2016-egg,"[u'T160K', u'L194P']",[],[],2016.4517453798767,0.026717753904025105,6.009133370625717,A1,K,P,G,D,S,T,H,A,egg,A/Singapore/Infimh-16-0019/2016,126.0,T,L,G,D,S,T,H,A,1,1,0,0,0,0,0,0
1727,A/Singapore/KK0199/2018-egg,[],[],[],2018.1149897330595,0.0,6.042038870433116,A2/re,K,P,G,D,S,T,H,A,egg,A/Singapore/KK0199/2018,,T,L,G,D,S,T,H,A,1,1,0,0,0,0,0,0
1730,A/Singapore/KK1100/2016-egg,[u'T160K'],[],[],2016.911704312115,1.764289032207568e-10,5.64784885946287,A3,K,P,G,D,S,T,H,A,egg,A/Singapore/KK1100/2016,52.0,T,L,G,D,S,T,H,A,1,1,0,0,0,0,0,0
1734,A/Singapore/KK943/2014-egg,"[u'L194P', u'D225N']",[],[],2014.7638603696098,0.026717755229451908,5.647848765796979,3c2.A,K,P,G,N,S,T,H,A,egg,A/Singapore/KK943/2014,,T,L,G,D,S,T,H,A,1,1,0,1,0,0,0,0
1761,A/SouthAfrica/2982/2015-egg,"[u'T160K', u'L194P']",[],[],2015.4216290212185,0.026717753904025105,5.647850696360695,3c2.A,K,P,G,D,S,T,H,A,egg,A/SouthAfrica/2982/2015,127.0,T,L,G,D,S,T,H,A,1,1,0,0,0,0,0,0
1787,A/SouthAustralia/135/2016-egg,"[u'A138S', u'H156R', u'T160K', u'G186V']",[],[],2016.8432580424367,0.8193587126956874,6.464457168471571,A1,K,L,V,D,S,T,R,S,egg,A/SouthAustralia/135/2016,128.0,T,L,G,D,S,T,H,A,1,0,1,0,0,0,1,1
1792,A/SouthAustralia/2/2013-egg,"[u'V43I', u'N144K', u'S219F', u'I267T']","[u'G150E', u'N158H']",[],2013.021902806297,0.4587370192713877,2.396410893573281,3b,K,L,V,N,F,T,H,A,egg,A/SouthAustralia/2/2013,,K,L,G,N,S,T,H,A,0,0,1,0,1,0,0,0
1794,A/SouthAustralia/209/2017-egg,"[u'T160I', u'L194P']",[],[],2017.5311430527036,0.33948112788501533,6.97596473355671,A4,I,P,G,D,S,T,H,A,egg,A/SouthAustralia/209/2017,129.0,T,L,G,D,S,T,H,A,1,1,0,0,0,0,0,0
1795,A/SouthAustralia/21/2015-egg,"[u'T10M', u'T160K', u'L194P', u'T203I']",[],[u'F15S'],2015.1943874058863,0.11970861345232073,5.74083962384342,3c2.A,K,P,G,D,S,I,H,A,egg,A/SouthAustralia/21/2015,,T,L,G,D,S,T,H,A,1,1,0,0,0,1,0,0
1798,A/SouthAustralia/273/2017-egg,"[u'T160K', u'L194P']",[],[],2017.9445585215606,0.026717753904025105,5.961976676112255,A2/re,K,P,G,D,S,T,H,A,egg,A/SouthAustralia/273/2017,130.0,T,L,G,D,S,T,H,A,1,1,0,0,0,0,0,0
1800,A/SouthAustralia/30/2012-egg,"[u'I140K', u'L194P']",[],[],2012.3559206023272,0.026717754572790246,1.3204150795451788,unassigned,K,P,G,N,S,T,H,A,egg,A/SouthAustralia/30/2012,,K,L,G,N,S,T,H,A,0,1,0,0,0,0,0,0
1802,A/SouthAustralia/54/2016-egg,[u'D225G'],[],[],2016.5284052019165,1.7117942601388726e-09,5.273732384855084,3c3.A,K,L,G,G,S,T,H,S,egg,A/SouthAustralia/54/2016,,K,L,G,D,S,T,H,S,0,0,0,1,0,0,0,0
1803,A/SouthAustralia/55/2014-egg,"[u'H156R', u'G186E']",[],[],2014.4900752908966,0.8193587113048204,5.756553720280585,3c3.A,K,L,E,G,S,T,R,S,egg,A/SouthAustralia/55/2014,,K,L,G,D,S,T,H,S,0,0,1,1,0,0,1,0
1811,A/SouthDakota/12/2012-egg,[u'N246S'],[],[],2012.8268309377138,1.4624555360497023e-09,4.3971570574439305,3c2,K,L,V,N,S,T,H,A,egg,A/SouthDakota/12/2012,131.0,K,L,G,N,S,T,H,A,0,0,1,0,0,0,0,0
1812,A/SouthDakota/15/2012-egg,"[u'S145N', u'S219Y']",[],[],2012.829568788501,1.3311314290663333e-08,4.397157069292789,3c2,K,L,V,N,Y,T,H,A,egg,A/SouthDakota/15/2012,,K,L,G,N,S,T,H,A,0,0,1,0,1,0,0,0
1813,A/SouthDakota/16/2012-egg,[],[],[],2012.8268309377138,0.0,4.3971570600088805,3c2,K,L,V,N,S,T,Q,A,egg,A/SouthDakota/16/2012,,K,L,G,N,S,T,H,A,0,0,1,0,0,0,1,0
1815,A/Southaustralia/55/2014-egg,[u'S145N'],[],[],2014.4490075290896,1.2171230947542577e-08,4.937195021146995,3c3.A,K,L,G,G,S,T,H,S,egg,A/Southaustralia/55/2014,,K,L,G,D,S,T,H,S,0,0,0,1,0,0,0,0
1817,A/Southaustralia/9/2015-egg,"[u'I140K', u'T160K', u'L194P']",[],[],2015.1149897330595,0.02671775474921915,6.635017830057243,3c2.A,K,P,G,D,S,T,H,A,egg,A/Southaustralia/9/2015,,T,L,G,D,S,T,H,A,1,1,0,0,0,0,0,0
1827,A/SriLanka/56/2013-egg,[u'L194P'],[],[],2013.6789869952088,0.026717753727596202,4.100457145437065,3c,K,P,G,N,S,T,H,A,egg,A/SriLanka/56/2013,,K,L,G,N,S,T,H,A,0,1,0,0,0,0,0,0
1831,A/SriLanka/61/2015-egg,[u'T203I'],[],[],2015.908966461328,1.3865992304724992e-09,5.6718161238268285,A1,K,P,G,D,S,I,H,S,egg,A/SriLanka/61/2015,132.0,T,L,G,D,S,T,H,A,1,1,0,0,0,1,0,1
1838,A/SriLanka/93/2017-egg,"[u'T160K', u'L194P', u'T203I']",[],[],2017.870636550308,0.026717755290624336,6.221382779326788,A1b/135N,K,P,G,D,S,I,H,A,egg,A/SriLanka/93/2017,133.0,T,L,G,D,S,T,H,A,1,1,0,0,0,1,0,0
1874,A/Stockholm/36/2012-egg,[u'G186V'],[],[],2012.8761122518822,1.9574093632912933e-10,3.9844411753904727,3c,K,L,V,N,S,T,H,A,egg,A/Stockholm/36/2012,53.0,K,L,G,N,S,T,H,A,0,0,1,0,0,0,0,0
1895,A/Switzerland/7586983/2012-egg,[],[],[],2012.952772073922,0.0,3.860431699303079,3c,K,L,G,N,S,T,H,A,egg,A/Switzerland/7586983/2012,134.0,K,L,G,N,S,T,H,A,0,0,0,0,0,0,0,0
1897,A/Switzerland/7587197/2012-egg,"[u'H156Q', u'G186V', u'S219F']",[],[],2012.952772073922,4.711428658144892e-09,4.073739385732818,3c,K,L,V,N,F,T,Q,A,egg,A/Switzerland/7587197/2012,135.0,K,L,G,N,S,T,H,A,0,0,1,0,1,0,1,0
1899,A/Switzerland/8060/2017-egg,"[u'T160K', u'L194P']",[],[],2017.9691991786447,0.026717753904025105,5.961976676112255,A2/re,K,P,G,D,S,T,H,A,egg,A/Switzerland/8060/2017,136.0,T,L,G,D,S,T,H,A,1,1,0,0,0,0,0,0
1901,A/Switzerland/9715293/2013-egg,"[u'I140R', u'S219Y']",[],[],2013.9281314168377,2.4695055078819736e-09,4.937195006841741,3c3.A,K,L,V,D,Y,T,H,S,egg,A/Switzerland/9715293/2013,137.0,K,L,G,D,S,T,H,S,0,0,1,0,1,0,0,0
1905,A/Sydney/103/2017-egg,"[u'Y94H', u'A138S', u'T160K', u'D190N', u'D225G', u'K264E']",[u'D79G'],[],2017.2381930184804,8.221210926349498e-09,5.7849377389901,A1b,K,L,G,G,S,T,H,S,egg,A/Sydney/103/2017,,T,L,G,D,S,T,H,A,1,0,0,1,0,0,0,1
1909,A/Sydney/142/2016-egg,"[u'H156Q', u'D225G']",[],[],2016.495550992471,5.739199838324576e-09,5.27373238888249,3c3.A,K,L,G,G,S,T,Q,S,egg,A/Sydney/142/2016,138.0,K,L,G,D,S,T,H,S,0,0,0,1,0,0,1,0
1914,A/Sydney/195/2012-egg,"[u'G186V', u'N246H']",[],[],2012.5968514715948,1.34428439245447e-09,1.293697326316673,unassigned,K,L,V,N,S,T,H,A,egg,A/Sydney/195/2012,139.0,K,L,G,N,S,T,H,A,0,0,1,0,0,0,0,0
1916,A/Sydney/22/2018-egg,"[u'A138S', u'R142G', u'T160K', u'L194P']",[],[],2018.167008898015,0.24002544031057094,6.558699951046909,A1b/135N,K,P,G,D,S,T,H,S,egg,A/Sydney/22/2018,140.0,T,L,G,D,S,T,H,A,1,1,0,0,0,0,0,1
1918,A/Sydney/30/2014-egg,[],[],[],2014.1642710472279,0.0,4.073739393045292,3c,K,L,V,N,Y,T,H,A,egg,A/Sydney/30/2014,,K,L,G,N,S,T,H,A,0,0,1,0,1,0,0,0
1924,A/Sydney/52/2017-egg,"[u'T160K', u'L194P', u'T203I', u'D225G']",[],[],2017.1752224503764,0.026717757002418595,5.8077766132679,A1b,K,P,G,G,S,I,H,A,egg,A/Sydney/52/2017,,T,L,G,D,S,T,H,A,1,1,0,1,0,1,0,0
1933,A/Taiwan/240/2009-egg,[u'S45N'],[],[],2009.1177275838468,0.104593263240895,0.1313110169684912,unassigned,K,P,G,N,S,T,H,A,egg,A/Taiwan/240/2009,,K,L,G,N,S,T,H,A,0,1,0,0,0,0,0,0
1940,A/Taiwan/613/2012-egg,[],[],[u'F15V'],2012.37234770705,0.0,2.92106535104604,3c,K,L,G,N,S,T,H,A,egg,A/Taiwan/613/2012,,K,L,G,N,S,T,H,A,0,0,0,0,0,0,0,0
1955,A/Taiwan/839/2009-egg,[],[],[],2009.7501711156742,0.0,1.1353066719690512,unassigned,K,P,G,N,S,T,H,A,egg,A/Taiwan/839/2009,54.0,K,L,G,N,S,T,H,A,0,1,0,0,0,0,0,0
1957,A/Taiwan/851/2010-egg,[],[],[],2010.7036276522929,0.0,1.2833226299981833,unassigned,K,L,G,N,S,T,H,A,egg,A/Taiwan/851/2010,55.0,K,L,G,N,S,T,H,A,0,0,0,0,0,0,0,0
1975,A/Tasmania/1012/2015-egg,"[u'G186V', u'S219F']",[],[],2015.5886379192334,6.840230799591878e-10,5.022334477875821,3c3.B,K,L,V,N,F,T,H,A,egg,A/Tasmania/1012/2015,141.0,K,L,G,N,S,T,H,A,0,0,1,0,1,0,0,0
1976,A/Tasmania/11/2014-egg,"[u'Q1K', u'G186D', u'D190G']",[],[],2014.2026009582478,7.222856319928409e-09,4.937195013111145,3c3.A,K,L,D,G,S,T,H,S,egg,A/Tasmania/11/2014,,K,L,G,D,S,T,H,S,0,0,1,1,0,0,0,0
1978,A/Tasmania/18/2017-egg,"[u'T160K', u'L194P']",[],[],2017.536618754278,0.026717753904025105,5.961976674964025,A2/re,K,P,G,D,S,T,H,A,egg,A/Tasmania/18/2017,,T,L,G,D,S,T,H,A,1,1,0,0,0,0,0,0
1980,A/Tasmania/219/2016-egg,[],[],[],2016.955509924709,0.0,5.735125032185119,A3,A,P,G,G,S,T,H,A,egg,A/Tasmania/219/2016,56.0,T,L,G,D,S,T,H,A,1,1,0,1,0,0,0,0
1989,A/Texas/50/2012-egg,"[u'G186V', u'S219F', u'I226N']",[],[],2012.2874743326488,3.1823081326328817e-09,3.121642330625769,3c,K,L,V,N,F,T,H,A,egg,A/Texas/50/2012,142.0,K,L,G,N,S,T,H,A,0,0,1,0,1,0,0,0
1991,A/Texas/6/2014-egg,"[u'G186V', u'S219Y']",[],[],2014.0109514031485,1.3358242794498849e-09,4.07373939777687,3c,K,L,V,N,Y,T,H,A,egg,A/Texas/6/2014,143.0,K,L,G,N,S,T,H,A,0,0,1,0,1,0,0,0
2011,A/Thessaloniki/62/2018-egg,[],[],[],2018.043805612594,0.0,6.789182493862255,A2/re,T,L,G,D,S,T,H,A,egg,A/Thessaloniki/62/2018,,T,L,G,D,S,T,H,A,0,0,0,0,0,0,0,0
2085,A/Vermont/28/2012-egg,"[u'N144S', u'L194P']",[],[],2012.9281314168377,0.3302026073296071,5.018911693695375,3c,K,P,G,N,S,T,H,A,egg,A/Vermont/28/2012,144.0,K,L,G,N,S,T,H,A,0,1,0,0,0,0,0,0
2087,A/Victoria/1000/2015-egg,"[u'H156Q', u'G186V']",[],[],2015.457221081451,4.223146514514833e-09,5.124995985174157,3c,K,L,V,N,S,T,Q,A,egg,A/Victoria/1000/2015,145.0,K,L,G,N,S,T,H,A,0,0,1,0,0,0,1,0
2094,A/Victoria/208/2009-egg,[],[],[],2009.416153319644,0.0,0.35433096747382176,unassigned,K,L,G,N,S,T,H,A,egg,A/Victoria/208/2009,57.0,K,L,G,N,S,T,H,A,0,0,0,0,0,0,0,0
2096,A/Victoria/209/2009-egg,[],[],[],2009.416153319644,0.0,2.47286575590077,unassigned,K,L,G,N,S,T,H,A,egg,A/Victoria/209/2009,58.0,K,L,G,N,S,T,H,A,0,0,0,0,0,0,0,0
2104,A/Victoria/265/2014-egg,[],[],[],2014.6078028747434,0.0,5.647848764295124,3c2.A,K,P,G,D,S,T,H,A,egg,A/Victoria/265/2014,146.0,T,L,G,D,S,T,H,A,1,1,0,0,0,0,0,0
2106,A/Victoria/361/2011-egg,"[u'H156R', u'G186V']",[],[],2011.8104038329911,0.8193587091837045,2.8616258622436046,3c,K,L,V,N,S,T,R,A,egg,A/Victoria/361/2011,147.0,K,L,G,N,S,T,H,A,0,0,1,0,0,0,1,0
2110,A/Victoria/503/2014-egg,"[u'G186V', u'F193S']",[],[],2014.3394934976043,0.24081182468816034,5.263146299723448,3c3.B,K,L,V,N,S,T,H,A,egg,A/Victoria/503/2014,148.0,K,L,G,N,S,T,H,A,0,0,1,0,0,0,0,0
2111,A/Victoria/503/2015-egg,"[u'T160A', u'L194P', u'D225G']",[u'D158N'],[],2015.2436687200548,0.11399393416051029,5.735124944551609,3c2.A,A,P,G,G,S,T,H,A,egg,A/Victoria/503/2015,,T,L,G,D,S,T,H,A,1,1,0,1,0,0,0,0
2114,A/Victoria/505/2013-egg,"[u'G186V', u'S219F']",[],[],2013.457221081451,6.840230799591878e-10,4.073739390226689,3c,K,L,V,N,F,T,H,A,egg,A/Victoria/505/2013,149.0,K,L,G,N,S,T,H,A,0,0,1,0,1,0,0,0
2115,A/Victoria/506/2013-egg,"[u'A138S', u'L194P']",[],[],2013.454483230664,0.026717757063150223,4.423874812848884,3c2,K,P,G,N,S,T,H,S,egg,A/Victoria/506/2013,,K,L,G,N,S,T,H,A,0,1,0,0,0,0,0,1
2117,A/Victoria/5060/2014-egg,"[u'A138S', u'L194P']",[],[],2014.7145790554414,0.026717757063150223,5.647848767630678,3c2.A,T,P,G,D,S,T,H,S,egg,A/Victoria/5060/2014,150.0,T,L,G,D,S,T,H,A,0,1,0,0,0,0,0,1
2120,A/Victoria/527/2012-egg,"[u'N171D', u'G186V']",[],[],2012.457221081451,1.9574093632912933e-10,2.0422671421797816,3c,K,L,V,N,S,T,H,A,egg,A/Victoria/527/2012,,K,L,G,N,S,T,H,A,0,0,1,0,0,0,0,0
2124,A/Victoria/563/2010-egg,"[u'G186V', u'S219Y']",[],[],2010.6506975394523,1.3358242794498849e-09,0.8550133128327926,unassigned,K,L,V,N,Y,T,H,A,egg,A/Victoria/563/2010,59.0,K,L,G,N,S,T,H,A,0,0,1,0,1,0,0,0
2128,A/Victoria/653/2017-egg,"[u'T160K', u'L194P', u'T203I']",[],[],2017.6050650239563,0.026717755290624336,6.846876683920696,A1b/135K,K,P,G,D,S,I,H,A,egg,A/Victoria/653/2017,60.0,T,L,G,D,S,T,H,A,1,1,0,0,0,1,0,0
2130,A/Victoria/673/2014-egg,[u'N96S'],[],[],2014.6817248459959,1.1482298715645585e-09,5.647848765443354,3c2.A,K,P,G,D,S,T,H,A,egg,A/Victoria/673/2014,,T,L,G,D,S,T,H,A,1,1,0,0,0,0,0,0
2134,A/Victoria/746/2017-egg,"[u'T160K', u'L194P', u'T203I']",[],[],2017.6872005475702,0.026717755290624336,6.663201360962319,A4,K,P,G,D,S,I,H,A,egg,A/Victoria/746/2017,61.0,T,L,G,D,S,T,H,A,1,1,0,0,0,1,0,0
2137,A/Victoria/8/2010-egg,[u'L194P'],[],[],2010.6050650239563,0.026717753727596202,1.0229247606935363,unassigned,K,P,G,N,S,T,H,A,egg,A/Victoria/8/2010,62.0,K,L,G,N,S,T,H,A,0,1,0,0,0,0,0,0
2168,A/Virginia/5/2012-egg,[u'L194P'],[],[],2012.1286789869953,0.026717753727596202,2.299119168742038,3b,K,P,G,N,S,T,H,A,egg,A/Virginia/5/2012,151.0,K,L,G,N,S,T,H,A,0,1,0,0,0,0,0,0
2183,A/Washington/16/2017-egg,"[u'T160K', u'L194P']",[],[],2017.065708418891,0.026717753904025105,5.961976674964025,A2,K,P,G,D,S,T,H,A,egg,A/Washington/16/2017,63.0,T,L,G,D,S,T,H,A,1,1,0,0,0,0,0,0
2185,A/Washington/18/2013-egg,[u'L194P'],[],[],2013.908966461328,0.026717753727596202,4.100457145437065,3c,K,P,G,N,S,T,H,A,egg,A/Washington/18/2013,,K,L,G,N,S,T,H,A,0,1,0,0,0,0,0,0
2194,A/Wisconsin/15/2009-egg,[u'L194P'],[],[],2009.4298425735797,0.026717753727596202,1.1353066719690512,unassigned,K,P,G,N,S,T,H,A,egg,A/Wisconsin/15/2009,64.0,K,L,G,N,S,T,H,A,0,1,0,0,0,0,0,0
2196,A/Wisconsin/19/2017-egg,[],[],[],2017.060232717317,0.0,5.961976676350624,A2,K,P,G,D,S,I,H,A,egg,A/Wisconsin/19/2017,,T,L,G,D,S,T,H,A,1,1,0,0,0,1,0,0
2200,A/Wisconsin/4/2018-egg,[],[],[],2018.002737850787,0.0,6.042038870433116,A2/re,K,P,G,D,S,T,H,A,egg,A/Wisconsin/4/2018,,T,L,G,D,S,T,H,A,1,1,0,0,0,0,0,0
2203,A/Wyoming/5/2013-egg,"[u'G186V', u'S219Y', u'M268I']",[],[],2013.8131416837782,1.3358242794498849e-09,4.610464749344307,3c,K,L,V,N,Y,T,H,A,egg,A/Wyoming/5/2013,,K,L,G,N,S,T,H,A,0,0,1,0,1,0,0,0
