,strain,tip_HA1_muts,tip_HA2_muts,tip_SigPep_muts,date,dTiterSub,cTiterSub,clade,160,194,186,225,219,203,156,138,passage,source,circulating160,circulating194,circulating186,circulating225,circulating219,circulating203,circulating156,circulating138,mut160,mut194,mut186,mut225,mut219,mut203,mut156,mut138
4,A/AbuDhabi/240/2018-egg,"[u'T160K', u'G186V', u'S219Y']",[],[],2018.0,,,A1b/135K,K,L,V,D,Y,T,K,A,egg,A/AbuDhabi/240/2018,T,L,S,D,S,T,K,A,1,0,1,0,1,0,0,0
27,A/Alaska/22/2012-egg,[],[],[],2012.7501711156742,,,unassigned,K,P,S,G,S,T,K,A,egg,A/Alaska/22/2012,K,L,S,G,S,T,K,A,0,1,0,0,0,0,0,0
29,A/Alaska/23/2012-egg,"[u'G186V', u'N246S']",[],[],2012.7611225188227,,,unassigned,K,L,V,G,S,T,K,A,egg,A/Alaska/23/2012,K,L,S,G,S,T,K,A,0,0,1,0,0,0,0,0
32,A/Alaska/24/2012-egg,[],[],[],2012.7857631759068,,,unassigned,K,P,S,G,S,T,K,A,egg,A/Alaska/24/2012,K,L,S,G,S,T,K,A,0,1,0,0,0,0,0,0
37,A/Alaska/4/2012-egg,"[u'G186V', u'N246S', u'K264N']",[],[],2012.3668720054757,,,3c,K,L,V,G,S,T,K,A,egg,A/Alaska/4/2012,K,L,S,G,S,T,K,A,0,0,1,0,0,0,0,0
48,A/Almaty/2958/2013-egg,"[u'I140K', u'G186V', u'S219F']",[],[],2013.0711841204654,,,3c3,K,L,V,G,F,T,K,A,egg,A/Almaty/2958/2013,K,L,S,G,S,T,K,A,0,0,1,0,1,0,0,0
49,A/Almaty/3277/2012-egg,[],[],[],2012.0,,,3c,K,L,S,G,S,T,K,A,egg,A/Almaty/3277/2012,K,L,S,G,S,T,K,A,0,0,0,0,0,0,0,0
61,A/Antananarivo/1067/2016-egg,"[u'T160K', u'G186V', u'S219F', u'I226S']",[],[],2016.2600958247776,,,A1,K,L,V,D,F,T,K,A,egg,A/Antananarivo/1067/2016,T,L,S,D,S,T,K,A,1,0,1,0,1,0,0,0
80,A/Arizona/17/2013-egg,"[u'G186V', u'S219F']",[],[],2013.9171800136892,,,3c3,K,L,V,G,F,T,K,A,egg,A/Arizona/17/2013,K,L,S,G,S,T,K,A,0,0,1,0,1,0,0,0
85,A/Arizona/9/2012-egg,"[u'G186V', u'N246S']",[],[],2012.807665982204,,,3c,K,L,V,G,S,T,K,A,egg,A/Arizona/9/2012,K,L,S,G,S,T,K,A,0,0,1,0,0,0,0,0
87,A/Arkansas/13/2013-egg,[u'G186V'],[],[],2013.6187542778919,,,3c3,K,L,V,G,S,T,K,A,egg,A/Arkansas/13/2013,K,L,S,G,S,T,K,A,0,0,1,0,0,0,0,0
88,A/Arkansas/18/2017-egg,"[u'D190N', u'N246S']",[],[],2017.2108145106092,,,3c3.A,K,L,S,D,S,T,K,S,egg,A/Arkansas/18/2017,K,L,S,D,S,T,K,S,0,0,0,0,0,0,0,0
97,A/AthensGR/14/2013-egg,"[u'L194P', u'T203R']",[],[],2013.021902806297,,,3c3,K,P,S,G,S,R,K,A,egg,A/AthensGR/14/2013,K,L,S,G,S,T,K,A,0,1,0,0,0,1,0,0
99,A/Auckland/10/2015-egg,[u'L194P'],[],[],2015.5338809034909,,,3c2.A,T,P,S,D,S,T,K,A,egg,A/Auckland/10/2015,T,L,S,D,S,T,K,A,0,1,0,0,0,0,0,0
101,A/Auckland/21/2013-egg,"[u'H156R', u'G186V', u'S219F']",[],[],2013.5968514715948,,,3c3,K,L,V,G,F,T,R,A,egg,A/Auckland/21/2013,K,L,S,G,S,T,K,A,0,0,1,0,1,0,1,0
104,A/Austria/64/2011-egg,[],[],[],2011.104038329911,,,unassigned,K,L,S,G,S,T,K,A,egg,A/Austria/64/2011,K,L,S,G,S,T,K,A,0,0,0,0,0,0,0,0
159,A/Bangladesh/5014/2009-egg,[],[],[],2009.37234770705,,,unassigned,K,L,V,G,S,T,Q,A,egg,A/Bangladesh/5014/2009,K,L,S,G,S,T,K,A,0,0,1,0,0,0,1,0
173,A/Bangladesh/9269/2013-egg,"[u'S145N', u'K160R', u'L194P']",[],[],2013.3586584531142,,,3c2,R,P,S,G,S,T,K,A,egg,A/Bangladesh/9269/2013,K,L,S,G,S,T,K,A,1,1,0,0,0,0,0,0
177,A/Bangladesh/9334/2013-egg,"[u'N144K', u'H156Q', u'G186S']",[],[],2013.3449691991786,,,3c3,K,L,S,G,S,T,Q,A,egg,A/Bangladesh/9334/2013,K,L,S,G,S,T,K,A,0,0,0,0,0,0,1,0
192,A/Berlin/93/2011-egg,"[u'H156R', u'G186S']",[u'I193T'],[],2011.501026694045,,,3c,K,L,S,G,S,T,R,A,egg,A/Berlin/93/2011,K,L,S,G,S,T,K,A,0,0,0,0,0,0,1,0
229,A/Bretagne/1565/2017-egg,"[u'T160K', u'L194P', u'T203I']",[],[],2017.8870636550307,,,A2/re,K,P,S,D,F,I,K,A,egg,A/Bretagne/1565/2017,T,L,S,D,S,T,K,A,1,1,0,0,1,1,0,0
231,A/Brisbane/1/2012-egg,[u'G186V'],[],[],2012.0136892539356,,,3c,K,L,V,G,S,T,K,A,egg,A/Brisbane/1/2012,K,L,S,G,S,T,K,A,0,0,1,0,0,0,0,0
233,A/Brisbane/1/2013-egg,"[u'G186V', u'S219F', u'I226S']",[],[u'C12Y'],2013.0054757015744,,,3c2,K,L,V,G,F,T,K,A,egg,A/Brisbane/1/2013,K,L,S,G,S,T,K,A,0,0,1,0,1,0,0,0
236,A/Brisbane/1/2018-egg,[],[],[],2018.002737850787,,,A2/re,K,P,S,D,S,T,K,A,egg,A/Brisbane/1/2018,T,L,S,D,S,T,K,A,1,1,0,0,0,0,0,0
240,A/Brisbane/11/2010-egg,"[u'L194P', u'V309I']",[],[],2010.3969883641341,,,unassigned,K,P,S,G,S,T,K,A,egg,A/Brisbane/11/2010,K,L,S,G,S,T,K,A,0,1,0,0,0,0,0,0
245,A/Brisbane/174/2015-egg,"[u'T167A', u'L194P', u'T203I']",[],[u'I10T'],2015.6817248459959,,,3c2.A,T,P,S,D,S,I,K,A,egg,A/Brisbane/174/2015,T,L,S,D,S,T,K,A,0,1,0,0,0,1,0,0
247,A/Brisbane/183/2015-egg,"[u'A138S', u'R160K', u'L194P']",[],[],2015.7802874743327,,,3c2.A,K,P,S,D,S,T,K,S,egg,A/Brisbane/183/2015,T,L,S,D,S,T,K,A,1,1,0,0,0,0,0,1
248,A/Brisbane/185/2017-egg,"[u'S149G', u'H156Q']",[],[],2017.8268309377138,,,A1b/135K,K,L,V,G,F,T,Q,A,egg,A/Brisbane/185/2017,T,L,S,D,S,T,K,A,1,0,1,1,1,0,1,0
255,A/Brisbane/198/2013-egg,[],[],[],2013.8459958932237,,,3c2,K,P,S,G,S,T,K,A,egg,A/Brisbane/198/2013,K,L,S,G,S,T,K,A,0,1,0,0,0,0,0,0
257,A/Brisbane/21/2013-egg,"[u'G186V', u'F193S', u'S219F']",[u'G155E'],[],2013.1560574948664,,,3c2,K,L,V,G,F,T,K,A,egg,A/Brisbane/21/2013,K,L,S,G,S,T,K,A,0,0,1,0,1,0,0,0
259,A/Brisbane/28/2018-egg,[],[],[],2018.1204654346338,,,A2/re,K,P,S,D,S,T,K,A,egg,A/Brisbane/28/2018,T,L,S,D,S,T,K,A,1,1,0,0,0,0,0,0
262,A/Brisbane/29/2017-egg,"[u'T160K', u'L194P']",[],[],2017.1806981519508,,,A4,K,P,S,D,S,T,K,A,egg,A/Brisbane/29/2017,T,L,S,D,S,T,K,A,1,1,0,0,0,0,0,0
265,A/Brisbane/32/2018-egg,[u'L194P'],[],[],2018.1943874058863,,,A2/re,K,P,S,D,S,T,K,A,egg,A/Brisbane/32/2018,T,L,S,D,S,T,K,A,1,1,0,0,0,0,0,0
266,A/Brisbane/321/2016-egg,"[u'T160K', u'L194P']",[],[],2016.9664613278576,,,A2,K,P,S,D,S,T,K,A,egg,A/Brisbane/321/2016,T,L,S,D,S,T,K,A,1,1,0,0,0,0,0,0
268,A/Brisbane/341/2014-egg,[],[],[],2014.7529089664613,,,3c2.A,K,P,S,D,S,I,K,A,egg,A/Brisbane/341/2014,T,L,S,D,S,T,K,A,1,1,0,0,0,1,0,0
271,A/Brisbane/4/2017-egg,[],[],[u'A16T'],2017.021902806297,,,3c3.A,K,L,S,D,S,T,K,S,egg,A/Brisbane/4/2017,K,L,S,D,S,T,K,S,0,0,0,0,0,0,0,0
275,A/Brisbane/53/2009-egg,[],[],[],2009.3203285420946,,,unassigned,K,L,S,G,S,T,K,A,egg,A/Brisbane/53/2009,K,L,S,G,S,T,K,A,0,0,0,0,0,0,0,0
277,A/Brisbane/54/2009-egg,[],[],[],2009.3449691991786,,,unassigned,K,P,S,G,S,T,K,A,egg,A/Brisbane/54/2009,K,L,S,G,S,T,K,A,0,1,0,0,0,0,0,0
284,A/Brisbane/71/2015-egg,"[u'T160K', u'L194P']",[],[],2015.2436687200548,,,3c2.A,K,P,S,D,Y,T,K,A,egg,A/Brisbane/71/2015,T,L,S,D,S,T,K,A,1,1,0,0,1,0,0,0
287,A/Brisbane/82/2015-egg,"[u'T160K', u'L194P']",[],[],2015.3039014373717,,,3c2.A,K,P,S,D,Y,T,K,A,egg,A/Brisbane/82/2015,T,L,S,D,S,T,K,A,1,1,0,0,1,0,0,0
304,A/Cairo/51/2012-egg,[u'D53N'],[u'F196L'],[u'C12R'],2012.930869267625,,,3c,K,L,S,G,S,T,K,A,egg,A/Cairo/51/2012,K,L,S,G,S,T,K,A,0,0,0,0,0,0,0,0
311,A/California/61/2013-egg,"[u'G186V', u'S219Y']",[],[],2013.8213552361397,,,3c3,K,L,V,G,Y,T,K,A,egg,A/California/61/2013,K,L,S,G,S,T,K,A,0,0,1,0,1,0,0,0
354,A/Canberra/2/2014-egg,"[u'H156Q', u'G186V']",[],[],2014.060232717317,,,3c3,K,L,V,G,S,T,Q,A,egg,A/Canberra/2/2014,K,L,S,G,S,T,K,A,0,0,1,0,0,0,1,0
359,A/Canberra/82/2014-egg,"[u'T160K', u'L194P', u'D225G']",[u'K82R'],[],2014.577686516085,,,3c2.A,K,P,S,G,S,T,K,A,egg,A/Canberra/82/2014,T,L,S,D,S,T,K,A,1,1,0,1,0,0,0,0
389,A/Christchurch/512/2012-egg,"[u'S91R', u'G186V', u'I242M', u'N246H']",[],[],2012.5092402464065,,,3b,K,L,V,G,S,T,K,A,egg,A/Christchurch/512/2012,K,L,S,G,S,T,K,A,0,0,1,0,0,0,0,0
390,A/Christchurch/516/2017-egg,[],[],[],2017.7611225188227,,,A2/re,K,P,S,D,S,T,K,A,egg,A/Christchurch/516/2017,T,L,S,D,S,T,K,A,1,1,0,0,0,0,0,0
410,A/Colorado/18/2012-egg,"[u'H156R', u'G186V']",[],[],2012.7830253251198,,,3c2,K,L,V,G,S,T,R,A,egg,A/Colorado/18/2012,K,L,S,G,S,T,K,A,0,0,1,0,0,0,1,0
412,A/Colorado/6/2009-egg,[u'G186V'],[],[],2009.0547570157426,,,unassigned,K,L,V,G,S,T,K,A,egg,A/Colorado/6/2009,K,L,S,G,S,T,K,A,0,0,1,0,0,0,0,0
424,A/Connecticut/25/2018-egg,"[u'T160K', u'G186V']",[],[],2018.2354551676933,,,A2/re,K,L,V,D,F,T,K,A,egg,A/Connecticut/25/2018,T,L,S,D,S,T,K,A,1,0,1,0,1,0,0,0
439,A/CzechRepublic/18/2014-egg,[],[],[],2014.9609856262834,,,3c3.B,K,L,S,G,S,T,K,A,egg,A/CzechRepublic/18/2014,K,L,S,G,S,T,K,A,0,0,0,0,0,0,0,0
441,A/CzechRepublic/19/2014-egg,[],[],[],2014.996577686516,,,3c3.B,K,L,S,G,S,T,K,A,egg,A/CzechRepublic/19/2014,K,L,S,G,S,T,K,A,0,0,0,0,0,0,0,0
442,A/CzechRepublic/31/2015-egg,[],[],[],2015.0492813141684,,,3c3.B,K,L,S,G,S,T,K,A,egg,A/CzechRepublic/31/2015,K,L,S,G,S,T,K,A,0,0,0,0,0,0,0,0
444,A/CzechRepublic/41/2015-egg,[u'N6D'],[],[],2015.0739219712525,,,3c2.A,T,L,S,D,S,T,K,A,egg,A/CzechRepublic/41/2015,T,L,S,D,S,T,K,A,0,0,0,0,0,0,0,0
445,A/CzechRepublic/60/2015-egg,[],[u'A43S'],[],2015.0903490759754,,,3c3.B,K,L,S,G,S,T,K,A,egg,A/CzechRepublic/60/2015,K,L,S,G,S,T,K,A,0,0,0,0,0,0,0,0
446,A/CzechRepublic/63/2015-egg,[],[],[],2015.0876112251883,,,3c3,K,L,S,G,S,T,K,A,egg,A/CzechRepublic/63/2015,K,L,S,G,S,T,K,A,0,0,0,0,0,0,0,0
447,A/CzechRepublic/64/2015-egg,[],[],[],2015.0903490759754,,,3c3.B,K,L,S,G,S,T,K,A,egg,A/CzechRepublic/64/2015,K,L,S,G,S,T,K,A,0,0,0,0,0,0,0,0
457,A/Delaware/32/2016-egg,"[u'T128N', u'A138S', u'T160I', u'G186V', u'S219Y', u'D225G']",[],[],2016.8733744010951,,,A1,I,L,V,G,Y,T,K,S,egg,A/Delaware/32/2016,T,L,S,D,S,T,K,A,1,0,1,1,1,0,0,1
534,A/Fiji/4/2015-egg,"[u'D225G', u'S262N']",[],[],2015.2491444216291,,,3c2.A,K,P,S,G,S,T,K,A,egg,A/Fiji/4/2015,T,L,S,D,S,T,K,A,1,1,0,1,0,0,0,0
538,A/Fiji/60/2016-egg,[],[],[],2016.4024640657085,,,3c2.A,K,P,S,G,S,T,K,A,egg,A/Fiji/60/2016,T,L,S,D,S,T,K,A,1,1,0,1,0,0,0,0
540,A/Fiji/7/2015-egg,[],[],[],2015.394250513347,,,3c2.A,K,P,S,D,S,T,K,A,egg,A/Fiji/7/2015,T,L,S,D,S,T,K,A,1,1,0,0,0,0,0,0
555,A/Florida/40/2012-egg,"[u'H156Q', u'G186V']",[],[],2012.6324435318274,,,3c,K,L,V,G,S,T,Q,A,egg,A/Florida/40/2012,K,L,S,G,S,T,K,A,0,0,1,0,0,0,1,0
565,A/Fujian-Tongan/196/2009-egg,[],[],[],2009.3449691991786,,,unassigned,K,L,S,G,S,T,K,A,egg,A/Fujian-Tongan/196/2009,K,L,S,G,S,T,K,A,0,0,0,0,0,0,0,0
582,A/Georgia/3/2013-egg,[u'G186V'],[],[],2013.5311430527036,,,3c2,K,L,V,G,S,T,K,A,egg,A/Georgia/3/2013,K,L,S,G,S,T,K,A,0,0,1,0,0,0,0,0
610,A/Glasgow/407664/2012-egg,[u'L194P'],[],[],2012.2546201232033,,,3c,K,P,S,G,S,T,K,A,egg,A/Glasgow/407664/2012,K,L,S,G,S,T,K,A,0,1,0,0,0,0,0,0
611,A/Glasgow/RVL5/2012-egg,"[u'H156R', u'G186V']",[u'V200F'],[],2012.971937029432,,,3c3,K,L,V,G,S,T,R,A,egg,A/Glasgow/RVL5/2012,K,L,S,G,S,T,K,A,0,0,1,0,0,0,1,0
622,A/Guadeloupe/4127/2014-egg,"[u'G186V', u'S219F']",[],[],2014.1095140314853,,,3c3,K,L,V,G,F,T,K,A,egg,A/Guadeloupe/4127/2014,K,L,S,G,S,T,K,A,0,0,1,0,1,0,0,0
630,A/Guangdong-Luohu/1256/2009-egg,[],[],[],2009.413415468857,,,unassigned,K,P,S,G,S,T,K,A,egg,A/Guangdong-Luohu/1256/2009,K,L,S,G,S,T,K,A,0,1,0,0,0,0,0,0
632,A/Guangdong-Luohu/1257/2009-egg,[],[],[],2009.413415468857,,,unassigned,K,P,S,G,S,T,K,A,egg,A/Guangdong-Luohu/1257/2009,K,L,S,G,S,T,K,A,0,1,0,0,0,0,0,0
645,A/GuangdongFutian/1253/2009-egg,[],[],[],2009.536663225424,,,unassigned,K,L,S,G,S,T,K,A,egg,A/GuangdongFutian/1253/2009,K,L,S,G,S,T,K,A,0,0,0,0,0,0,0,0
704,A/Hawaii/22/2012-egg,"[u'G186V', u'I226S']",[],[],2012.520191649555,,,3c,K,L,V,G,S,T,K,A,egg,A/Hawaii/22/2012,K,L,S,G,S,T,K,A,0,0,1,0,0,0,0,0
706,A/Hawaii/23/2012-egg,"[u'H156R', u'G186S']",[],[],2012.5722108145105,,,3c,K,L,S,G,S,T,R,A,egg,A/Hawaii/23/2012,K,L,S,G,S,T,K,A,0,0,0,0,0,0,1,0
708,A/Hawaii/25/2012-egg,"[u'G186V', u'S219F']",[],[],2012.6735112936344,,,3c,K,L,V,G,F,T,K,A,egg,A/Hawaii/25/2012,K,L,S,G,S,T,K,A,0,0,1,0,1,0,0,0
712,A/Hawaii/27/2012-egg,[u'G186V'],[],[],2012.6461327857633,,,unassigned,K,L,V,G,S,T,K,A,egg,A/Hawaii/27/2012,K,L,S,G,S,T,K,A,0,0,1,0,0,0,0,0
719,A/Hawaii/44/2017-egg,"[u'T160K', u'L194V', u'D225G', u'I226T']",[],[],2017.6132785763175,,,A4,K,V,S,G,S,T,K,A,egg,A/Hawaii/44/2017,T,L,S,D,S,T,K,A,1,1,0,1,0,0,0,0
747,A/HongKong/2277/2017-egg,"[u'N133S', u'A138S']",[],[],2017.3778234086242,,,A1b/135K,K,L,V,G,F,T,K,S,egg,A/HongKong/2277/2017,T,L,S,D,S,T,K,A,1,0,1,1,1,0,0,1
748,A/HongKong/2286/2017-egg,"[u'Q75H', u'S219Y', u'R255K']",[],[],2017.3887748117727,,,A1b/135K,K,L,V,D,Y,T,K,A,egg,A/HongKong/2286/2017,T,L,S,D,S,T,K,A,1,0,1,0,1,0,0,0
756,A/HongKong/26560/2009-egg,[],[],[],2009.7118412046543,,,unassigned,K,P,S,G,S,T,K,A,egg,A/HongKong/26560/2009,K,L,S,G,S,T,K,A,0,1,0,0,0,0,0,0
759,A/HongKong/32/2013-egg,[u'G186V'],[],[],2013.0054757015744,,,3c,K,L,V,G,S,T,K,A,egg,A/HongKong/32/2013,K,L,S,G,S,T,K,A,0,0,1,0,0,0,0,0
767,A/HongKong/4547/2009-egg,[],[],[],2009.520191649555,,,unassigned,K,L,S,G,S,T,K,A,egg,A/HongKong/4547/2009,K,L,S,G,S,T,K,A,0,0,0,0,0,0,0,0
770,A/HongKong/4801/2014-egg,"[u'N96S', u'I140K']",[],[],2014.1533196440794,,,3c2.A,K,P,S,D,S,T,K,A,egg,A/HongKong/4801/2014,T,L,S,D,S,T,K,A,1,1,0,0,0,0,0,0
773,A/HongKong/50/2016-egg,"[u'A138S', u'T160K', u'L194P']",[u'E155G'],[],2015.993839835729,,,A1,K,P,S,D,S,T,K,S,egg,A/HongKong/50/2016,T,L,S,D,S,T,K,A,1,1,0,0,0,0,0,1
775,A/HongKong/5738/2014-egg,"[u'T203I', u'S312N']",[],[],2014.3258042436687,,,3c2.A,K,P,S,D,S,I,K,A,egg,A/HongKong/5738/2014,T,L,S,D,S,T,K,A,1,1,0,0,0,1,0,0
782,A/HongKong/7127/2014-egg,[u'D225G'],[],[],2014.5722108145105,,,3c2.A,K,P,S,G,S,T,K,A,egg,A/HongKong/7127/2014,T,L,S,D,S,T,K,A,1,1,0,1,0,0,0,0
812,A/Idaho/33/2016-egg,[],[],[],2016.432580424367,,,3c3.A,K,L,S,D,S,T,K,S,egg,A/Idaho/33/2016,K,L,S,D,S,T,K,S,0,0,0,0,0,0,0,0
814,A/Idaho/37/2016-egg,"[u'R142G', u'T160K', u'L164V', u'G186D', u'D190G', u'D225G']",[],[],2016.766598220397,,,A1a,K,L,D,G,S,T,K,A,egg,A/Idaho/37/2016,T,L,S,D,S,T,K,A,1,0,1,1,0,0,0,0
874,A/Jiangsu-Chongchuan/12179/2014-egg,[],[],[],2014.6926762491444,,,unassigned,K,P,S,G,S,T,K,A,egg,A/Jiangsu-Chongchuan/12179/2014,K,L,S,G,S,T,K,A,0,1,0,0,0,0,0,0
875,A/Jiangsu-Chongchuan/12714/2015-egg,[],[],[],2015.8624229979466,,,unassigned,K,P,S,G,S,T,K,A,egg,A/Jiangsu-Chongchuan/12714/2015,K,L,S,G,S,T,K,A,0,1,0,0,0,0,0,0
876,A/Jiangsu-Chongchuan/12908/2015-egg,[],[],[],2015.9199178644765,,,unassigned,K,P,S,G,S,T,K,A,egg,A/Jiangsu-Chongchuan/12908/2015,K,L,S,G,S,T,K,A,0,1,0,0,0,0,0,0
877,A/Jiangsu-Chongchuan/1830/2014-egg,[],[],[],2014.2655715263518,,,unassigned,K,P,S,G,S,T,K,A,egg,A/Jiangsu-Chongchuan/1830/2014,K,L,S,G,S,T,K,A,0,1,0,0,0,0,0,0
878,A/Jiangsu-Danyang/1647/2012-egg,[],[],[],2012.7775496235456,,,unassigned,K,P,S,G,S,T,K,A,egg,A/Jiangsu-Danyang/1647/2012,K,L,S,G,S,T,K,A,0,1,0,0,0,0,0,0
879,A/Jiangsu-Donghai/57/2012-egg,[u'G186A'],[],[],2012.6735112936344,,,unassigned,K,P,A,G,S,T,K,A,egg,A/Jiangsu-Donghai/57/2012,K,L,S,G,S,T,K,A,0,1,1,0,0,0,0,0
880,A/Jiangsu-Qingpu/1660/2015-egg,[],[],[],2015.3230663928816,,,3c3.A,K,L,R,D,S,T,K,S,egg,A/Jiangsu-Qingpu/1660/2015,K,L,S,D,S,T,K,S,0,0,1,0,0,0,0,0
881,A/Jiangsu-Sucheng/1309/2016-egg,[],[],[],2016.2956878850102,,,3c3.A,K,L,R,D,S,T,K,S,egg,A/Jiangsu-Sucheng/1309/2016,K,L,S,D,S,T,K,S,0,0,1,0,0,0,0,0
882,A/Jiangsu-Sucheng/1489/2017-egg,[],[],[],2017.4681724845996,,,3c3.A,K,L,R,D,S,T,K,S,egg,A/Jiangsu-Sucheng/1489/2017,K,L,S,D,S,T,K,S,0,0,1,0,0,0,0,0
883,A/Jiangsu-Sucheng/1834/2017-egg,[],[],[],2017.7939767282683,,,3c3.A,K,L,R,D,S,T,K,S,egg,A/Jiangsu-Sucheng/1834/2017,K,L,S,D,S,T,K,S,0,0,1,0,0,0,0,0
884,A/Jiangsu-Tianning/1707/2013-egg,[],[],[],2013.8213552361397,,,unassigned,K,P,S,G,S,T,K,A,egg,A/Jiangsu-Tianning/1707/2013,K,L,S,G,S,T,K,A,0,1,0,0,0,0,0,0
885,A/Jiangsu-Wujin/318/2013-egg,[],[u'C220R'],[],2013.9281314168377,,,unassigned,K,P,S,G,S,T,K,A,egg,A/Jiangsu-Wujin/318/2013,K,L,S,G,S,T,K,A,0,1,0,0,0,0,0,0
886,A/Jiangsu-Xinpu/1205/2012-egg,[],[],[],2012.3477070499657,,,unassigned,K,P,S,G,S,T,K,A,egg,A/Jiangsu-Xinpu/1205/2012,K,L,S,G,S,T,K,A,0,1,0,0,0,0,0,0
887,A/Jiangsu-Xinpu/1385/2012-egg,[],[],[],2012.640657084189,,,unassigned,K,P,S,G,S,T,K,A,egg,A/Jiangsu-Xinpu/1385/2012,K,L,S,G,S,T,K,A,0,1,0,0,0,0,0,0
888,A/Jiangsu-Xinpu/1963/2014-egg,[],[],[],2014.9199178644765,,,3c3.A,K,L,R,D,S,T,K,S,egg,A/Jiangsu-Xinpu/1963/2014,K,L,S,D,S,T,K,S,0,0,1,0,0,0,0,0
907,A/Kalamata/540/2017-egg,"[u'R142G', u'G186I', u'D190S', u'N246H']",[],[],2017.0492813141684,,,A1a,T,L,I,D,S,T,K,A,egg,A/Kalamata/540/2017,T,L,S,D,S,T,K,A,0,0,1,0,0,0,0,0
928,A/Kanagawa/AC1704/2017-egg,"[u'H156R', u'Y161H', u'G186S', u'D190S', u'S219F', u'D225N']",[],[],2017.9253935660506,,,A2/re,T,L,S,N,F,T,R,A,egg,A/Kanagawa/AC1704/2017,T,L,S,D,S,T,K,A,0,0,0,1,1,0,1,0
932,A/Kanagawa/AC1740/2018-egg,"[u'V88I', u'T203I']",[u'I193T'],[],2018.3969883641341,,,A2/re,K,P,S,D,S,I,K,A,egg,A/Kanagawa/AC1740/2018,T,L,S,D,S,T,K,A,1,1,0,0,0,1,0,0
933,A/Kanagawa/IC1610/2017-egg,"[u'A138S', u'H183L', u'L194M', u'D225G', u'P227H']",[u'K82N'],[],2017.024640657084,,,A2,T,M,S,G,S,T,K,S,egg,A/Kanagawa/IC1610/2017,T,L,S,D,S,T,K,A,0,1,0,1,0,0,0,1
934,A/Kanagawa/IC1619/2017-egg,"[u'N122D', u'H156R', u'T160K', u'G186V']",[],[],2017.0520191649555,,,A1b,K,L,V,D,S,T,R,A,egg,A/Kanagawa/IC1619/2017,T,L,S,D,S,T,K,A,1,0,1,0,0,0,1,0
937,A/Kanagawa/IC1725/2018-egg,"[u'T131N', u'A138S', u'D190G', u'D225G', u'P227S', u'N246T']",[],[],2018.0465434633813,,,A1b/135N,T,L,S,G,S,T,K,S,egg,A/Kanagawa/IC1725/2018,T,L,S,D,S,T,K,A,0,0,0,1,0,0,0,1
940,A/Kanagawa/IC1739/2018-egg,"[u'T160K', u'L194P']",[],[],2018.1177275838468,,,A2/re,K,P,S,D,S,T,K,A,egg,A/Kanagawa/IC1739/2018,T,L,S,D,S,T,K,A,1,1,0,0,0,0,0,0
942,A/Kanagawa/IC1745/2018-egg,"[u'T160K', u'L194P']",[],[],2018.1642710472279,,,A2/re,K,P,S,D,S,T,K,A,egg,A/Kanagawa/IC1745/2018,T,L,S,D,S,T,K,A,1,1,0,0,0,0,0,0
945,A/Kanagawa/ZC1613/2017-egg,"[u'A138S', u'T160I', u'L194P', u'T203I']",[],[],2017.0985626283368,,,A1,I,P,S,D,S,I,K,S,egg,A/Kanagawa/ZC1613/2017,T,L,S,D,S,T,K,A,1,1,0,0,0,1,0,1
951,A/Kansas/14/2017-egg,"[u'D190N', u'N246S']",[],[],2017.950034223135,,,3c3.A,K,L,S,D,S,T,K,S,egg,A/Kansas/14/2017,K,L,S,D,S,T,K,S,0,0,0,0,0,0,0,0
1062,A/Maine/5/2012-egg,"[u'Y98F', u'I226N']",[],[],2012.2546201232033,,,3c,K,L,S,G,S,T,K,A,egg,A/Maine/5/2012,K,L,S,G,S,T,K,A,0,0,0,0,0,0,0,0
1096,A/Maryland/2/2012-egg,"[u'H156Q', u'G186V', u'S219Y']",[],[],2012.0465434633813,,,3b,K,L,V,G,Y,T,Q,A,egg,A/Maryland/2/2012,K,L,S,G,S,T,K,A,0,0,1,0,1,0,1,0
1101,A/Massachusetts/11/2013-egg,[u'L194P'],[],[],2013.520191649555,,,3c3,K,P,S,G,S,T,K,A,egg,A/Massachusetts/11/2013,K,L,S,G,S,T,K,A,0,1,0,0,0,0,0,0
1140,A/Missouri/4/2013-egg,"[u'A138S', u'L194P']",[],[],2013.1998631074607,,,3c2,K,P,S,G,S,T,K,S,egg,A/Missouri/4/2013,K,L,S,G,S,T,K,A,0,1,0,0,0,0,0,1
1191,A/Nebraska/19/2015-egg,"[u'T160K', u'L194P']",[],[],2015.807665982204,,,3c2.A,K,P,S,D,S,T,K,A,egg,A/Nebraska/19/2015,T,L,S,D,S,T,K,A,1,1,0,0,0,0,0,0
1219,A/Nevada/20/2012-egg,"[u'G186V', u'N246T']",[],[],2012.2546201232033,,,3b,K,L,V,G,S,T,K,A,egg,A/Nevada/20/2012,K,L,S,G,S,T,K,A,0,0,1,0,0,0,0,0
1223,A/Nevada/9/2014-egg,"[u'Y94H', u'L194P']",[],[],2014.2573579739903,,,3c3,K,P,S,G,S,T,K,A,egg,A/Nevada/9/2014,K,L,S,G,S,T,K,A,0,1,0,0,0,0,0,0
1227,A/NewCaledonia/71/2014-egg,"[u'S9N', u'L194P', u'D225G']",[u'G150E'],[],2014.6132785763175,,,3c2.A,K,P,S,G,S,T,K,A,egg,A/NewCaledonia/71/2014,T,L,S,D,S,T,K,A,1,1,0,1,0,0,0,0
1229,A/NewHampshire/10/2012-egg,"[u'H156Q', u'G186V', u'S219F']",[],[],2012.3422313483916,,,3c,K,L,V,G,F,T,Q,A,egg,A/NewHampshire/10/2012,K,L,S,G,S,T,K,A,0,0,1,0,1,0,1,0
1231,A/NewHampshire/11/2012-egg,[],[],[],2012.7118412046543,,,3c,K,P,S,G,S,T,K,A,egg,A/NewHampshire/11/2012,K,L,S,G,S,T,K,A,0,1,0,0,0,0,0,0
1232,A/NewHampshire/16/2012-egg,[u'G186V'],[u'A201V'],[],2012.8843258042436,,,3c,K,L,V,G,S,T,K,A,egg,A/NewHampshire/16/2012,K,L,S,G,S,T,K,A,0,0,1,0,0,0,0,0
1244,A/NewYork/38/2012-egg,[],[],[],2012.7939767282683,,,3c,K,P,S,G,S,T,K,A,egg,A/NewYork/38/2012,K,L,S,G,S,T,K,A,0,1,0,0,0,0,0,0
1249,A/NewYork/5/2014-egg,"[u'D225G', u'N246T']",[],[],2014.0547570157426,,,3c3.A,K,L,S,G,S,T,K,S,egg,A/NewYork/5/2014,K,L,S,D,S,T,K,S,0,0,0,1,0,0,0,0
1257,A/Newcastle/25/2014-egg,[u'G186V'],[],[],2014.3367556468172,,,3c3.B,K,L,V,G,S,T,K,A,egg,A/Newcastle/25/2014,K,L,S,G,S,T,K,A,0,0,1,0,0,0,0,0
1260,A/Newcastle/36/2017-egg,"[u'T160R', u'L194P', u'T203I']",[],[],2017.2874743326488,,,A1b,R,P,S,D,S,I,K,A,egg,A/Newcastle/36/2017,T,L,S,D,S,T,K,A,1,1,0,0,0,1,0,0
1291,A/NorthCarolina/13/2014-egg,[],[],[],2014.2847364818617,,,3c3.A,K,L,V,D,S,T,K,S,egg,A/NorthCarolina/13/2014,K,L,S,D,S,T,K,S,0,0,1,0,0,0,0,0
1299,A/Norway/1292/2012-egg,[u'L194P'],[],[],2012.3258042436687,,,3c,K,P,S,G,S,T,K,A,egg,A/Norway/1292/2012,K,L,S,G,S,T,K,A,0,1,0,0,0,0,0,0
1308,A/Norway/2178/2014-egg,[u'I226T'],[],[],2014.5968514715948,,,3c2.A,K,P,S,D,S,I,K,A,egg,A/Norway/2178/2014,T,L,S,D,S,T,K,A,1,1,0,0,0,1,0,0
1330,A/Norway/3806/2016-egg,"[u'T160K', u'L194P']",[],[],2016.4490075290896,,,A1a,K,P,S,D,S,T,K,A,egg,A/Norway/3806/2016,T,L,S,D,S,T,K,A,1,1,0,0,0,0,0,0
1339,A/Norway/4849/2016-egg,"[u'T160K', u'L194P', u'D225G']",[],[],2016.9199178644765,,,A3,K,P,S,G,S,T,K,A,egg,A/Norway/4849/2016,T,L,S,D,S,T,K,A,1,1,0,1,0,0,0,0
1349,A/Ohio/1/2013-egg,[],[],[],2013.0355920602328,,,3c2,K,L,V,G,S,T,Q,A,egg,A/Ohio/1/2013,K,L,S,G,S,T,K,A,0,0,1,0,0,0,1,0
1353,A/Ohio/31/2017-egg,"[u'T160K', u'L194P', u'T203I']",[],[],2017.561259411362,,,A3,K,P,S,D,S,I,K,A,egg,A/Ohio/31/2017,T,L,S,D,S,T,K,A,1,1,0,0,0,1,0,0
1408,A/Oregon/1/2013-egg,"[u'A138S', u'L194P']",[],[],2013.0273785078714,,,3c2,K,P,S,G,S,T,K,S,egg,A/Oregon/1/2013,K,L,S,G,S,T,K,A,0,1,0,0,0,0,0,1
1428,A/Palau/6720/2014-egg,"[u'D225G', u'N246H']",[],[],2014.2464065708418,,,3c3.A,K,L,S,G,S,T,K,S,egg,A/Palau/6720/2014,K,L,S,D,S,T,K,S,0,0,0,1,0,0,0,0
1430,A/Palau/6775/2014-egg,"[u'H156R', u'D225G']",[],[],2014.2299794661192,,,3c3.A,K,L,S,G,S,T,R,S,egg,A/Palau/6775/2014,K,L,S,D,S,T,K,S,0,0,0,1,0,0,1,0
1459,A/Pennsylvania/15/2010-egg,[],[],[],2010.72553045859,,,unassigned,K,L,S,G,S,T,K,A,egg,A/Pennsylvania/15/2010,K,L,S,G,S,T,K,A,0,0,0,0,0,0,0,0
1461,A/Pennsylvania/8/2013-egg,"[u'G186V', u'S219Y']",[],[],2013.7611225188227,,,3c3,K,L,V,G,Y,T,K,A,egg,A/Pennsylvania/8/2013,K,L,S,G,S,T,K,A,0,0,1,0,1,0,0,0
1463,A/Pennsylvania/9/2012-egg,[u'L194P'],[],[],2012.3039014373717,,,3c,K,P,S,G,S,T,K,A,egg,A/Pennsylvania/9/2012,K,L,S,G,S,T,K,A,0,1,0,0,0,0,0,0
1468,A/Perth/15/2009-egg,[],[],[],2009.2628336755647,,,unassigned,K,L,S,G,S,T,K,A,egg,A/Perth/15/2009,K,L,S,G,S,T,K,A,0,0,0,0,0,0,0,0
1471,A/Perth/16/2009-egg,[],[],[],2009.2628336755647,,,unassigned,K,L,S,G,S,T,K,A,egg,A/Perth/16/2009,K,L,S,G,S,T,K,A,0,0,0,0,0,0,0,0
1472,A/Perth/2/2014-egg,[u'S219Y'],[],[],2014.0,,,3c3,K,L,V,G,Y,T,K,A,egg,A/Perth/2/2014,K,L,S,G,S,T,K,A,0,0,1,0,1,0,0,0
1473,A/Perth/239/2013-egg,[u'T203I'],[],[],2013.7337440109513,,,3c2,K,P,S,G,S,I,K,A,egg,A/Perth/239/2013,K,L,S,G,S,T,K,A,0,1,0,0,0,1,0,0
1480,A/Perth/501/2010-egg,[u'L194P'],[],[],2010.3805612594113,,,unassigned,K,P,S,G,S,T,K,A,egg,A/Perth/501/2010,K,L,S,G,S,T,K,A,0,1,0,0,0,0,0,0
1493,A/Philippines/2191/2009-egg,[],[],[],2009.3969883641341,,,unassigned,K,P,S,G,S,T,K,A,egg,A/Philippines/2191/2009,K,L,S,G,S,T,K,A,0,1,0,0,0,0,0,0
1516,A/Qingdao/505/2009-egg,"[u'F147L', u'T283A', u'P293S']",[],[u'L13M'],2009.6488706365503,,,unassigned,K,L,S,G,S,T,K,A,egg,A/Qingdao/505/2009,K,L,S,G,S,T,K,A,0,0,0,0,0,0,0,0
1517,A/Qingdao/522/2009-egg,[],[u'T59A'],[],2009.6652977412732,,,unassigned,K,L,S,G,S,T,K,A,egg,A/Qingdao/522/2009,K,L,S,G,S,T,K,A,0,0,0,0,0,0,0,0
1526,A/RhodeIsland/1/2010-egg,"[u'H183L', u'D188Y']",[],[],2010.0684462696784,,,unassigned,K,L,S,G,S,T,K,A,egg,A/RhodeIsland/1/2010,K,L,S,G,S,T,K,A,0,0,0,0,0,0,0,0
1547,A/Saitama/103/2014-egg,[],[u'H106L'],[],2014.8761122518822,,,3c2.A,T,L,S,D,S,T,K,A,egg,A/Saitama/103/2014,T,L,S,D,S,T,K,A,0,0,0,0,0,0,0,0
1634,A/Shaanxi-Hanbin/11305/2016-egg,[],[],[],2016.971937029432,,,A2,T,L,S,D,S,T,K,A,egg,A/Shaanxi-Hanbin/11305/2016,T,L,S,D,S,T,K,A,0,0,0,0,0,0,0,0
1638,A/Shandong-Laicheng/1760/2016-egg,"[u'D225G', u'N246S']",[],[],2016.9472963723476,,,3c3.A,K,L,S,G,S,T,K,S,egg,A/Shandong-Laicheng/1760/2016,K,L,S,D,S,T,K,S,0,0,0,1,0,0,0,0
1647,A/ShanghaiLuwan/188/2011-egg,[],[],[],2011.1204654346338,,,unassigned,K,L,S,G,S,T,K,A,egg,A/ShanghaiLuwan/188/2011,K,L,S,G,S,T,K,A,0,0,0,0,0,0,0,0
1667,A/Singapore/22/2012-egg,[u'G186V'],[],[],2012.4298425735797,,,3c,K,L,V,G,S,T,K,A,egg,A/Singapore/22/2012,K,L,S,G,S,T,K,A,0,0,1,0,0,0,0,0
1670,A/Singapore/C2011545C/2011-egg,[],[],[],2011.542094455852,,,3b,K,L,S,G,S,T,K,A,egg,A/Singapore/C2011545C/2011,K,L,S,G,S,T,K,A,0,0,0,0,0,0,0,0
1673,A/Singapore/CGH05/2013-egg,"[u'N96S', u'L194P']",[],[],2013.4024640657085,,,3c2,K,P,S,G,S,T,K,A,egg,A/Singapore/CGH05/2013,K,L,S,G,S,T,K,A,0,1,0,0,0,0,0,0
1678,A/Singapore/GP0077/2018-egg,"[u'T160K', u'L194P', u'T203I']",[],[],2018.0273785078714,,,A1b/135N,K,P,S,D,S,I,K,A,egg,A/Singapore/GP0077/2018,T,L,S,D,S,T,K,A,1,1,0,0,0,1,0,0
1683,A/Singapore/GP1523/2014-egg,"[u'N31S', u'D225N', u'R269K']",[],[],2014.520191649555,,,3c2.A,K,P,S,N,S,T,K,A,egg,A/Singapore/GP1523/2014,T,L,S,D,S,T,K,A,1,1,0,1,0,0,0,0
1684,A/Singapore/GP1599/2013-egg,[u'S219F'],[],[],2013.8213552361397,,,3c3,K,L,V,G,F,T,K,A,egg,A/Singapore/GP1599/2013,K,L,S,G,S,T,K,A,0,0,1,0,1,0,0,0
1686,A/Singapore/GP1940/2013-egg,[],[],[u'A16T'],2013.9281314168377,,,3c3.A,K,L,S,G,S,T,R,S,egg,A/Singapore/GP1940/2013,K,L,S,D,S,T,K,S,0,0,0,1,0,0,1,0
1688,A/Singapore/GP2050/2015-egg,"[u'L194P', u'D225N']",[],[],2015.9390828199862,,,3c2.A,T,P,S,N,S,T,K,A,egg,A/Singapore/GP2050/2015,T,L,S,D,S,T,K,A,0,1,0,1,0,0,0,0
1690,A/Singapore/GP2646/2016-egg,"[u'T160A', u'G186V', u'D190N', u'D225G']",[],[],2016.9363449691991,,,A1b,A,L,V,G,S,T,K,A,egg,A/Singapore/GP2646/2016,T,L,S,D,S,T,K,A,1,0,1,1,0,0,0,0
1695,A/Singapore/GP637/2013-egg,"[u'G186V', u'N246H']",[],[],2013.3039014373717,,,3c2,K,L,V,G,S,T,K,A,egg,A/Singapore/GP637/2013,K,L,S,G,S,T,K,A,0,0,1,0,0,0,0,0
1697,A/Singapore/H2009332C/2009-egg,[],[],[],2009.3285420944558,,,unassigned,K,L,S,G,S,T,K,A,egg,A/Singapore/H2009332C/2009,K,L,S,G,S,T,K,A,0,0,0,0,0,0,0,0
1699,A/Singapore/H2009334C/2009-egg,[],[],[],2009.331279945243,,,unassigned,K,L,S,G,S,T,K,A,egg,A/Singapore/H2009334C/2009,K,L,S,G,S,T,K,A,0,0,0,0,0,0,0,0
1701,A/Singapore/H2009471C/2009-egg,[],[],[],2009.4681724845996,,,unassigned,K,L,S,G,S,T,K,A,egg,A/Singapore/H2009471C/2009,K,L,S,G,S,T,K,A,0,0,0,0,0,0,0,0
1703,A/Singapore/H2010321C/2010-egg,[],[],[],2010.3175906913073,,,unassigned,K,L,S,G,S,T,K,A,egg,A/Singapore/H2010321C/2010,K,L,S,G,S,T,K,A,0,0,0,0,0,0,0,0
1705,A/Singapore/H2010370C/2010-egg,[],[],[],2010.3668720054757,,,unassigned,K,L,S,G,S,T,K,A,egg,A/Singapore/H2010370C/2010,K,L,S,G,S,T,K,A,0,0,0,0,0,0,0,0
1707,A/Singapore/H2010471C/2010-egg,[],[],[],2010.4681724845996,,,unassigned,K,L,S,G,S,T,K,A,egg,A/Singapore/H2010471C/2010,K,L,S,G,S,T,K,A,0,0,0,0,0,0,0,0
1709,A/Singapore/H2010666C/2010-egg,[],[],[],2010.662559890486,,,unassigned,K,L,S,G,S,T,K,A,egg,A/Singapore/H2010666C/2010,K,L,S,G,S,T,K,A,0,0,0,0,0,0,0,0
1711,A/Singapore/H2011460cC/2011-egg,[],[],[],2011.457221081451,,,3b,K,L,S,G,S,T,K,A,egg,A/Singapore/H2011460cC/2011,K,L,S,G,S,T,K,A,0,0,0,0,0,0,0,0
1713,A/Singapore/H2011504C/2011-egg,[],[],[],2011.501026694045,,,3b,K,L,S,G,S,T,K,A,egg,A/Singapore/H2011504C/2011,K,L,S,G,S,T,K,A,0,0,0,0,0,0,0,0
1715,A/Singapore/H2011704C/2011-egg,[],[],[],2011.7008898015058,,,3b,K,L,S,G,S,T,K,A,egg,A/Singapore/H2011704C/2011,K,L,S,G,S,T,K,A,0,0,0,0,0,0,0,0
1717,A/Singapore/H2011808bC/2011-egg,[],[],[],2011.8049281314168,,,3c,K,L,S,G,S,T,K,A,egg,A/Singapore/H2011808bC/2011,K,L,S,G,S,T,K,A,0,0,0,0,0,0,0,0
1735,A/Singapore/Infimh-16-0019/2016-egg,"[u'T160K', u'L194P']",[],[],2016.4517453798767,,,A1,K,P,S,D,S,T,K,A,egg,A/Singapore/Infimh-16-0019/2016,T,L,S,D,S,T,K,A,1,1,0,0,0,0,0,0
1740,A/Singapore/KK0199/2018-egg,[],[],[],2018.1149897330595,,,A2/re,K,P,S,D,S,T,K,A,egg,A/Singapore/KK0199/2018,T,L,S,D,S,T,K,A,1,1,0,0,0,0,0,0
1743,A/Singapore/KK1100/2016-egg,[u'T160K'],[],[],2016.911704312115,,,A3,K,P,S,D,S,T,K,A,egg,A/Singapore/KK1100/2016,T,L,S,D,S,T,K,A,1,1,0,0,0,0,0,0
1747,A/Singapore/KK943/2014-egg,[u'D225N'],[],[],2014.7638603696098,,,3c2.A,K,P,S,N,S,T,K,A,egg,A/Singapore/KK943/2014,T,L,S,D,S,T,K,A,1,1,0,1,0,0,0,0
1763,A/SouthAfrica/2982/2015-egg,"[u'T160K', u'L194P']",[],[],2015.4216290212185,,,3c2.A,K,P,S,D,S,T,K,A,egg,A/SouthAfrica/2982/2015,T,L,S,D,S,T,K,A,1,1,0,0,0,0,0,0
1793,A/SouthAustralia/10/2018-egg,"[u'T160I', u'L194P']",[],[],2018.2518822724162,,,A2/re,I,P,S,D,S,T,K,A,egg,A/SouthAustralia/10/2018,T,L,S,D,S,T,K,A,1,1,0,0,0,0,0,0
1800,A/SouthAustralia/135/2016-egg,"[u'A138S', u'H156R', u'T160K', u'G186V']",[],[],2016.8432580424367,,,A1,K,L,V,D,S,T,R,S,egg,A/SouthAustralia/135/2016,T,L,S,D,S,T,K,A,1,0,1,0,0,0,1,1
1806,A/SouthAustralia/24/2014-egg,[u'K207R'],[],[],2014.432580424367,,,3c3.A,K,L,S,G,S,T,R,S,egg,A/SouthAustralia/24/2014,K,L,S,D,S,T,K,S,0,0,0,1,0,0,1,0
1807,A/SouthAustralia/273/2017-egg,[],[],[],2017.9445585215606,,,A2/re,K,P,S,D,S,T,K,A,egg,A/SouthAustralia/273/2017,T,L,S,D,S,T,K,A,1,1,0,0,0,0,0,0
1809,A/SouthAustralia/274/2017-egg,[u'L194P'],[],[],2017.9691991786447,,,A2/re,K,P,S,D,S,T,K,A,egg,A/SouthAustralia/274/2017,T,L,S,D,S,T,K,A,1,1,0,0,0,0,0,0
1811,A/SouthAustralia/30/2012-egg,"[u'I140K', u'L194P']",[],[],2012.3559206023272,,,unassigned,K,P,S,G,S,T,K,A,egg,A/SouthAustralia/30/2012,K,L,S,G,S,T,K,A,0,1,0,0,0,0,0,0
1812,A/SouthAustralia/40/2014-egg,"[u'G186V', u'N246H']",[],[],2014.4654346338125,,,3c3.A,K,L,V,D,S,T,Q,S,egg,A/SouthAustralia/40/2014,K,L,S,D,S,T,K,S,0,0,1,0,0,0,1,0
1813,A/SouthAustralia/54/2016-egg,[u'D225G'],[u'G175E'],[],2016.5284052019165,,,3c3.A,K,L,S,G,S,T,K,S,egg,A/SouthAustralia/54/2016,K,L,S,D,S,T,K,S,0,0,0,1,0,0,0,0
1822,A/SouthDakota/12/2012-egg,[u'N246S'],[],[],2012.8268309377138,,,3c2,K,L,V,G,S,T,K,A,egg,A/SouthDakota/12/2012,K,L,S,G,S,T,K,A,0,0,1,0,0,0,0,0
1823,A/SouthDakota/15/2012-egg,"[u'S145N', u'S219Y']",[],[],2012.829568788501,,,3c2,K,L,V,G,Y,T,K,A,egg,A/SouthDakota/15/2012,K,L,S,G,S,T,K,A,0,0,1,0,1,0,0,0
1824,A/SouthDakota/16/2012-egg,[],[],[],2012.8268309377138,,,3c2,K,L,V,G,S,T,Q,A,egg,A/SouthDakota/16/2012,K,L,S,G,S,T,K,A,0,0,1,0,0,0,1,0
1832,A/Southaustralia/9/2015-egg,"[u'I140K', u'T160K', u'L194P']",[],[],2015.1149897330595,,,3c2.A,K,P,S,D,S,T,K,A,egg,A/Southaustralia/9/2015,T,L,S,D,S,T,K,A,1,1,0,0,0,0,0,0
1845,A/SriLanka/56/2013-egg,[u'L194P'],[],[],2013.6789869952088,,,3c3,K,P,S,G,S,T,K,A,egg,A/SriLanka/56/2013,K,L,S,G,S,T,K,A,0,1,0,0,0,0,0,0
1848,A/SriLanka/61/2015-egg,"[u'A138S', u'T160K', u'L194P', u'T203I']",[],[],2015.908966461328,,,A1,K,P,S,D,S,I,K,S,egg,A/SriLanka/61/2015,T,L,S,D,S,T,K,A,1,1,0,0,0,1,0,1
1856,A/SriLanka/93/2017-egg,"[u'T160K', u'L194P', u'T203I']",[],[],2017.870636550308,,,A1b/135N,K,P,S,D,S,I,K,A,egg,A/SriLanka/93/2017,T,L,S,D,S,T,K,A,1,1,0,0,0,1,0,0
1885,A/Stockholm/36/2012-egg,[u'G186V'],[],[],2012.8761122518822,,,3c,K,L,V,G,S,T,K,A,egg,A/Stockholm/36/2012,K,L,S,G,S,T,K,A,0,0,1,0,0,0,0,0
1897,A/Switzerland/7586983/2012-egg,[],[],[],2012.952772073922,,,3c,K,L,S,G,S,T,K,A,egg,A/Switzerland/7586983/2012,K,L,S,G,S,T,K,A,0,0,0,0,0,0,0,0
1899,A/Switzerland/7587197/2012-egg,"[u'H156Q', u'G186V', u'S219F']",[],[],2012.952772073922,,,3c3,K,L,V,G,F,T,Q,A,egg,A/Switzerland/7587197/2012,K,L,S,G,S,T,K,A,0,0,1,0,1,0,1,0
1901,A/Switzerland/8060/2017-egg,[],[],[],2017.9691991786447,,,A2/re,K,P,S,D,S,T,K,A,egg,A/Switzerland/8060/2017,T,L,S,D,S,T,K,A,1,1,0,0,0,0,0,0
1903,A/Switzerland/9715293/2013-egg,[u'S219Y'],[],[],2013.9281314168377,,,3c3.A,K,L,V,D,Y,T,K,S,egg,A/Switzerland/9715293/2013,K,L,S,D,S,T,K,S,0,0,1,0,1,0,0,0
1909,A/Sydney/142/2016-egg,"[u'H156Q', u'D225G']",[],[],2016.495550992471,,,3c3.A,K,L,S,G,S,T,Q,S,egg,A/Sydney/142/2016,K,L,S,D,S,T,K,S,0,0,0,1,0,0,1,0
1913,A/Sydney/195/2012-egg,"[u'G186V', u'N246H']",[],[],2012.5968514715948,,,unassigned,K,L,V,G,S,T,K,A,egg,A/Sydney/195/2012,K,L,S,G,S,T,K,A,0,0,1,0,0,0,0,0
1927,A/Taiwan/240/2009-egg,[u'S45N'],[],[],2009.1177275838468,,,unassigned,K,P,S,G,S,T,K,A,egg,A/Taiwan/240/2009,K,L,S,G,S,T,K,A,0,1,0,0,0,0,0,0
1936,A/Taiwan/613/2012-egg,[],[],[u'F15V'],2012.37234770705,,,3c,K,L,S,G,S,T,K,A,egg,A/Taiwan/613/2012,K,L,S,G,S,T,K,A,0,0,0,0,0,0,0,0
1954,A/Taiwan/839/2009-egg,[],[],[],2009.7501711156742,,,unassigned,K,P,S,G,S,T,K,A,egg,A/Taiwan/839/2009,K,L,S,G,S,T,K,A,0,1,0,0,0,0,0,0
1957,A/Taiwan/851/2010-egg,[],[],[],2010.7036276522929,,,unassigned,K,L,S,G,S,T,K,A,egg,A/Taiwan/851/2010,K,L,S,G,S,T,K,A,0,0,0,0,0,0,0,0
1977,A/Tasmania/1012/2015-egg,"[u'G186V', u'S219F']",[],[],2015.5886379192334,,,3c3.B,K,L,V,G,F,T,K,A,egg,A/Tasmania/1012/2015,K,L,S,G,S,T,K,A,0,0,1,0,1,0,0,0
1978,A/Tasmania/11/2014-egg,"[u'Q1K', u'G186D', u'D190G']",[],[],2014.2026009582478,,,3c3.A,K,L,D,G,S,T,K,S,egg,A/Tasmania/11/2014,K,L,S,D,S,T,K,S,0,0,1,1,0,0,0,0
1982,A/Tasmania/219/2016-egg,[],[],[],2016.955509924709,,,A3,A,P,S,G,S,T,K,A,egg,A/Tasmania/219/2016,T,L,S,D,S,T,K,A,1,1,0,1,0,0,0,0
1997,A/Texas/50/2012-egg,"[u'G186V', u'S219F', u'I226N']",[],[],2012.2874743326488,,,3c,K,L,V,G,F,T,K,A,egg,A/Texas/50/2012,K,L,S,G,S,T,K,A,0,0,1,0,1,0,0,0
2027,A/Thessaloniki/62/2018-egg,[],[],[],2018.043805612594,,,A2/re,T,L,S,D,S,T,K,A,egg,A/Thessaloniki/62/2018,T,L,S,D,S,T,K,A,0,0,0,0,0,0,0,0
2097,A/Vermont/28/2012-egg,"[u'N144S', u'L194P']",[],[],2012.9281314168377,,,3c,K,P,S,G,S,T,K,A,egg,A/Vermont/28/2012,K,L,S,G,S,T,K,A,0,1,0,0,0,0,0,0
2099,A/Victoria/1000/2015-egg,"[u'H156Q', u'G186V']",[],[],2015.457221081451,,,3c3,K,L,V,G,S,T,Q,A,egg,A/Victoria/1000/2015,K,L,S,G,S,T,K,A,0,0,1,0,0,0,1,0
2104,A/Victoria/208/2009-egg,[],[],[],2009.416153319644,,,unassigned,K,L,S,G,S,T,K,A,egg,A/Victoria/208/2009,K,L,S,G,S,T,K,A,0,0,0,0,0,0,0,0
2107,A/Victoria/209/2009-egg,[],[],[],2009.416153319644,,,unassigned,K,L,S,G,S,T,K,A,egg,A/Victoria/209/2009,K,L,S,G,S,T,K,A,0,0,0,0,0,0,0,0
2116,A/Victoria/361/2011-egg,"[u'H156R', u'G186V']",[],[],2011.8104038329911,,,3c,K,L,V,G,S,T,R,A,egg,A/Victoria/361/2011,K,L,S,G,S,T,K,A,0,0,1,0,0,0,1,0
2122,A/Victoria/503/2014-egg,"[u'G186V', u'F193S']",[],[],2014.3394934976043,,,3c3.B,K,L,V,G,S,T,K,A,egg,A/Victoria/503/2014,K,L,S,G,S,T,K,A,0,0,1,0,0,0,0,0
2124,A/Victoria/505/2013-egg,"[u'G186V', u'S219F']",[],[],2013.457221081451,,,3c3,K,L,V,G,F,T,K,A,egg,A/Victoria/505/2013,K,L,S,G,S,T,K,A,0,0,1,0,1,0,0,0
2126,A/Victoria/506/2013-egg,"[u'A138S', u'L194P']",[],[],2013.454483230664,,,3c2,K,P,S,G,S,T,K,S,egg,A/Victoria/506/2013,K,L,S,G,S,T,K,A,0,1,0,0,0,0,0,1
2128,A/Victoria/5060/2014-egg,"[u'A138S', u'T160K', u'L194P']",[],[],2014.7145790554414,,,3c2.A,K,P,S,D,S,T,K,S,egg,A/Victoria/5060/2014,T,L,S,D,S,T,K,A,1,1,0,0,0,0,0,1
2131,A/Victoria/527/2012-egg,"[u'N171D', u'G186V']",[],[],2012.457221081451,,,3c,K,L,V,G,S,T,K,A,egg,A/Victoria/527/2012,K,L,S,G,S,T,K,A,0,0,1,0,0,0,0,0
2137,A/Victoria/653/2017-egg,"[u'T160K', u'L194P', u'T203I']",[],[],2017.6050650239563,,,A1b/135K,K,P,S,D,S,I,K,A,egg,A/Victoria/653/2017,T,L,S,D,S,T,K,A,1,1,0,0,0,1,0,0
2141,A/Victoria/710/2013-egg,"[u'S145N', u'L194P']",[],[],2013.0903490759754,,,3c,K,P,S,G,S,T,K,A,egg,A/Victoria/710/2013,K,L,S,G,S,T,K,A,0,1,0,0,0,0,0,0
2143,A/Victoria/746/2017-egg,"[u'T160K', u'L194P', u'T203I']",[],[],2017.6872005475702,,,A4,K,P,S,D,S,I,K,A,egg,A/Victoria/746/2017,T,L,S,D,S,T,K,A,1,1,0,0,0,1,0,0
2146,A/Victoria/8/2010-egg,[u'L194P'],[],[],2010.6050650239563,,,unassigned,K,P,S,G,S,T,K,A,egg,A/Victoria/8/2010,K,L,S,G,S,T,K,A,0,1,0,0,0,0,0,0
2161,A/Virginia/5/2012-egg,[u'L194P'],[],[],2012.1286789869953,,,3b,K,P,S,G,S,T,K,A,egg,A/Virginia/5/2012,K,L,S,G,S,T,K,A,0,1,0,0,0,0,0,0
2175,A/Washington/13/2013-egg,"[u'K27R', u'G186V']",[u'V176I'],[],2013.8624229979466,,,3c2,K,L,V,G,S,T,K,A,egg,A/Washington/13/2013,K,L,S,G,S,T,K,A,0,0,1,0,0,0,0,0
2178,A/Washington/17/2013-egg,"[u'G186V', u'S219Y']",[],[],2013.908966461328,,,3c3,K,L,V,G,Y,T,K,A,egg,A/Washington/17/2013,K,L,S,G,S,T,K,A,0,0,1,0,1,0,0,0
2186,A/Wisconsin/15/2009-egg,[u'L194P'],[],[],2009.4298425735797,,,unassigned,K,P,S,G,S,T,K,A,egg,A/Wisconsin/15/2009,K,L,S,G,S,T,K,A,0,1,0,0,0,0,0,0
