,strain,tip_HA1_muts,tip_HA2_muts,tip_SigPep_muts,date,dTiterSub,cTiterSub,clade,160,225,194,138,203,186,219,156,passage,source,circulating160,circulating225,circulating194,circulating138,circulating203,circulating186,circulating219,circulating156,mut160,mut225,mut194,mut138,mut203,mut186,mut219,mut156
7,A/AbuDhabi/240/2018-egg,"[u'T160K', u'G186V', u'S219Y']",[],[],2018.0,2.004397223667612e-09,6.709015531433482,A1b/135K,K,D,L,A,T,V,Y,K,egg,A/AbuDhabi/240/2018,T,D,L,A,T,S,S,K,1,0,0,0,0,1,1,0
28,A/Alaska/22/2012-egg,[],[],[],2012.7501711156742,0.0,2.8049556182738278,unassigned,K,G,P,A,T,S,S,K,egg,A/Alaska/22/2012,K,G,L,A,T,S,S,K,0,0,1,0,0,0,0,0
30,A/Alaska/23/2012-egg,"[u'G186V', u'N246S']",[],[],2012.7611225188227,2.1726108917177316e-09,2.7795432837670067,unassigned,K,G,L,A,T,V,S,K,egg,A/Alaska/23/2012,K,G,L,A,T,S,S,K,0,0,0,0,0,1,0,0
32,A/Alaska/232/2015-egg,[u'F193Y'],[],[],2015.6872005475702,1.2141058668817976e-08,5.739369405281294,A1,K,D,P,S,T,S,S,K,egg,A/Alaska/232/2015,T,D,L,A,T,S,S,K,1,0,1,1,0,0,0,0
34,A/Alaska/24/2012-egg,[],[],[],2012.7857631759068,0.0,2.8049556182738278,unassigned,K,G,P,A,T,S,S,K,egg,A/Alaska/24/2012,K,G,L,A,T,S,S,K,0,0,1,0,0,0,0,0
35,A/Alaska/240/2015-egg,"[u'A138S', u'T160K', u'L194P', u'T203I']",[],[],2015.7036276522929,0.025412343086143183,6.353959871562317,3c2.A,K,D,P,S,I,S,S,K,egg,A/Alaska/240/2015,T,D,L,A,T,S,S,K,1,0,1,1,1,0,0,0
38,A/Alaska/4/2012-egg,"[u'G186V', u'N246S', u'K264N']",[],[],2012.3668720054757,2.1726108917177316e-09,3.9443386929465407,3c,K,G,L,A,T,V,S,K,egg,A/Alaska/4/2012,K,G,L,A,T,S,S,K,0,0,0,0,0,1,0,0
40,A/Alaska/5/2010-egg,"[u'H156Q', u'G186V', u'S199A', u'S219F', u'A280T', u'V297I']",[],[],2010.6105407255304,8.41537376459747e-09,0.8520842336824614,unassigned,K,G,L,A,T,V,F,Q,egg,A/Alaska/5/2010,K,G,L,A,T,S,S,K,0,0,0,0,0,1,1,1
49,A/Almaty/2958/2013-egg,"[u'I140K', u'G186V', u'S219F']",[],[],2013.0711841204654,2.0306271161267355e-09,4.147533977056436,3c3,K,G,L,A,T,V,F,K,egg,A/Almaty/2958/2013,K,G,L,A,T,S,S,K,0,0,0,0,0,1,1,0
50,A/Almaty/3277/2012-egg,[],[],[],2012.0,0.0,3.1790131383248488,3c,K,G,L,A,T,S,S,K,egg,A/Almaty/3277/2012,K,G,L,A,T,S,S,K,0,0,0,0,0,0,0,0
53,A/AmericanSamoa/4786/2013-egg,"[u'G186V', u'N246S']",[],[],2013.1423682409309,2.1726108917177316e-09,4.466432954823043,3c2,K,G,L,A,T,V,S,K,egg,A/AmericanSamoa/4786/2013,K,G,L,A,T,S,S,K,0,0,0,0,0,1,0,0
64,A/Antananarivo/1067/2016-egg,"[u'T160K', u'G186V', u'S219F', u'I226S']",[],[],2016.2600958247776,2.3551409611564543e-09,5.7139571379900715,A1,K,D,L,A,T,V,F,K,egg,A/Antananarivo/1067/2016,T,D,L,A,T,S,S,K,1,0,0,0,0,1,1,0
73,A/Arizona/17/2013-egg,"[u'G186V', u'S219F']",[],[],2013.9171800136892,9.174076096049796e-10,4.147533986530862,3c3,K,G,L,A,T,V,F,K,egg,A/Arizona/17/2013,K,G,L,A,T,S,S,K,0,0,0,0,0,1,1,0
78,A/Arizona/9/2012-egg,"[u'G186V', u'N246S']",[],[],2012.807665982204,2.1726108917177316e-09,3.9443386929465407,3c,K,G,L,A,T,V,S,K,egg,A/Arizona/9/2012,K,G,L,A,T,S,S,K,0,0,0,0,0,1,0,0
80,A/Arkansas/13/2013-egg,[u'G186V'],[],[],2013.6187542778919,2.666813649238304e-10,4.1475339953067,3c3,K,G,L,A,T,V,S,K,egg,A/Arkansas/13/2013,K,G,L,A,T,S,S,K,0,0,0,0,0,1,0,0
90,A/AthensGR/14/2013-egg,"[u'L194P', u'T203R']",[],[],2013.021902806297,0.02541233667943203,4.172946319578392,3c3,K,G,P,A,R,S,S,K,egg,A/AthensGR/14/2013,K,G,L,A,T,S,S,K,0,0,1,0,1,0,0,0
92,A/Auckland/10/2015-egg,[u'L194P'],[],[],2015.5338809034909,0.02541233667943203,5.853071757397077,3c2.A,T,D,P,A,T,S,S,K,egg,A/Auckland/10/2015,T,D,L,A,T,S,S,K,0,0,1,0,0,0,0,0
94,A/Auckland/21/2013-egg,"[u'H156R', u'G186V', u'S219F']",[],[],2013.5968514715948,0.8153198464087816,4.9628538293077415,3c3,K,G,L,A,T,V,F,R,egg,A/Auckland/21/2013,K,G,L,A,T,S,S,K,0,0,0,0,0,1,1,1
97,A/Austria/64/2011-egg,[],[],[],2011.104038329911,0.0,0.8882974594749764,unassigned,K,G,L,A,T,S,S,K,egg,A/Austria/64/2011,K,G,L,A,T,S,S,K,0,0,0,0,0,0,0,0
155,A/Bangladesh/5014/2009-egg,[],[],[],2009.37234770705,0.0,0.3490912344827414,unassigned,K,G,L,A,T,V,S,Q,egg,A/Bangladesh/5014/2009,K,G,L,A,T,S,S,K,0,0,0,0,0,1,0,1
164,A/Bangladesh/9269/2013-egg,"[u'S145N', u'L194P']",[],[],2013.3586584531142,0.025412348424242417,4.846422180206758,3c2,R,G,P,A,T,S,S,K,egg,A/Bangladesh/9269/2013,K,G,L,A,T,S,S,K,1,0,1,0,0,0,0,0
166,A/Bangladesh/9334/2013-egg,"[u'N144K', u'H156Q', u'G186S']",[],[],2013.3449691991786,0.3334157119743552,4.480949687000164,3c3,K,G,L,A,T,S,S,Q,egg,A/Bangladesh/9334/2013,K,G,L,A,T,S,S,K,0,0,0,0,0,0,0,1
187,A/Berlin/93/2011-egg,"[u'H156R', u'G186S']",[u'I193T'],[],2011.501026694045,1.119450216644582,4.097763495632528,3c,K,G,L,A,T,S,S,R,egg,A/Berlin/93/2011,K,G,L,A,T,S,S,K,0,0,0,0,0,0,0,1
245,A/Bretagne/1565/2017-egg,"[u'T160K', u'L194P', u'T203I']",[],[],2017.8870636550307,0.02541233872654845,6.159990118252302,A2/re,K,D,P,A,I,S,F,K,egg,A/Bretagne/1565/2017,T,D,L,A,T,S,S,K,1,0,1,0,1,0,1,0
247,A/Brisbane/1/2012-egg,[u'G186V'],[],[],2012.0136892539356,2.666813649238304e-10,3.332890158386711,3c,K,G,L,A,T,V,S,K,egg,A/Brisbane/1/2012,K,G,L,A,T,S,S,K,0,0,0,0,0,1,0,0
248,A/Brisbane/1/2013-egg,"[u'G186V', u'S219F', u'I226S']",[],[u'C12Y'],2013.0054757015744,2.1071563060469687e-09,4.466432954757589,3c2,K,G,L,A,T,V,F,K,egg,A/Brisbane/1/2013,K,G,L,A,T,S,S,K,0,0,0,0,0,1,1,0
251,A/Brisbane/1/2018-egg,[],[],[],2018.002737850787,0.0,6.104605773729332,A2/re,K,D,P,A,T,S,S,K,egg,A/Brisbane/1/2018,T,D,L,A,T,S,S,K,1,0,1,0,0,0,0,0
254,A/Brisbane/11/2010-egg,"[u'L194P', u'V309I']",[],[],2010.3969883641341,0.025412351213481704,0.7781650384326392,unassigned,K,G,P,A,T,S,S,K,egg,A/Brisbane/11/2010,K,G,L,A,T,S,S,K,0,0,1,0,0,0,0,0
256,A/Brisbane/174/2015-egg,"[u'T167A', u'L194P', u'T203I']",[],[u'I10T'],2015.6817248459959,0.025412338478563796,5.853071759196209,3c2.A,T,D,P,A,I,S,S,K,egg,A/Brisbane/174/2015,T,D,L,A,T,S,S,K,0,0,1,0,1,0,0,0
258,A/Brisbane/183/2015-egg,"[u'A138S', u'L194P']",[],[],2015.7802874743327,0.025412341039026762,5.71542210325976,3c2.A,K,D,P,S,T,S,S,K,egg,A/Brisbane/183/2015,T,D,L,A,T,S,S,K,1,0,1,1,0,0,0,0
259,A/Brisbane/190/2017-egg,[],[],[],2017.7939767282683,0.0,6.024445340039614,A2/re,K,D,P,A,T,S,S,K,egg,A/Brisbane/190/2017,T,D,L,A,T,S,S,K,1,0,1,0,0,0,0,0
260,A/Brisbane/192/2017-egg,[],[],[],2017.8049281314168,0.0,6.024445340039614,A2/re,K,D,P,A,T,S,S,K,egg,A/Brisbane/192/2017,T,D,L,A,T,S,S,K,1,0,1,0,0,0,0,0
264,A/Brisbane/198/2013-egg,[u'L194P'],[],[],2013.8459958932237,0.02541233667943203,4.491845289329865,3c2,K,G,P,A,T,S,S,K,egg,A/Brisbane/198/2013,K,G,L,A,T,S,S,K,0,0,1,0,0,0,0,0
268,A/Brisbane/28/2018-egg,[],[],[],2018.1204654346338,0.0,6.104605773729332,A2/re,K,D,P,A,T,S,S,K,egg,A/Brisbane/28/2018,T,D,L,A,T,S,S,K,1,0,1,0,0,0,0,0
271,A/Brisbane/29/2017-egg,[],[u'I200V'],[u'T3I'],2017.1806981519508,3.3530288955237316e-09,6.722542767484826,A4,K,D,P,A,T,S,S,K,egg,A/Brisbane/29/2017,T,D,L,A,T,S,S,K,1,0,1,0,0,0,0,0
273,A/Brisbane/32/2018-egg,[],[u'G181E'],[],2018.1943874058863,0.0,6.104605773729332,A2/re,K,D,P,A,T,S,S,K,egg,A/Brisbane/32/2018,T,D,L,A,T,S,S,K,1,0,1,0,0,0,0,0
274,A/Brisbane/321/2016-egg,[],[],[],2016.9664613278576,0.0,6.024445340039614,A2,K,D,P,A,T,S,S,K,egg,A/Brisbane/321/2016,T,D,L,A,T,S,S,K,1,0,1,0,0,0,0,0
276,A/Brisbane/341/2014-egg,[u'T203I'],[],[],2014.7529089664613,1.799131767587832e-09,5.715422100699297,3c2.A,K,D,P,A,I,S,S,K,egg,A/Brisbane/341/2014,T,D,L,A,T,S,S,K,1,0,1,0,1,0,0,0
278,A/Brisbane/36/2018-egg,[],[],[],2018.2245037645448,0.0,7.270525408227993,A2/re,T,D,M,A,T,S,S,K,egg,A/Brisbane/36/2018,T,D,L,A,T,S,S,K,0,0,1,0,0,0,0,0
280,A/Brisbane/4/2017-egg,[],[],[u'A16T'],2017.021902806297,1.2660759256663248e-09,6.461449106828428,3c3.A,K,D,L,S,T,S,S,K,egg,A/Brisbane/4/2017,K,D,L,S,T,S,S,K,0,0,0,0,0,0,0,0
281,A/Brisbane/40/2018-egg,[],[],[],2018.2546201232033,0.0,6.104605773729332,A2/re,K,D,P,A,T,S,S,K,egg,A/Brisbane/40/2018,T,D,L,A,T,S,S,K,1,0,1,0,0,0,0,0
283,A/Brisbane/43/2018-egg,[],[u'V18M'],[],2018.2628336755647,7.873150762509909e-09,6.024445347912765,A2/re,K,D,P,A,T,S,S,K,egg,A/Brisbane/43/2018,T,D,L,A,T,S,S,K,1,0,1,0,0,0,0,0
285,A/Brisbane/53/2009-egg,[],[],[],2009.3203285420946,0.0,2.4715539292664337,unassigned,K,G,L,A,T,S,S,K,egg,A/Brisbane/53/2009,K,G,L,A,T,S,S,K,0,0,0,0,0,0,0,0
287,A/Brisbane/54/2009-egg,[],[],[],2009.3449691991786,0.0,0.517637270779185,unassigned,K,G,P,A,T,S,S,K,egg,A/Brisbane/54/2009,K,G,L,A,T,S,S,K,0,0,1,0,0,0,0,0
293,A/Brisbane/82/2015-egg,"[u'T160K', u'L194P']",[],[],2015.3039014373717,0.025412336927416682,5.853071762293062,3c2.A,K,D,P,A,T,S,Y,K,egg,A/Brisbane/82/2015,T,D,L,A,T,S,S,K,1,0,1,0,0,0,1,0
302,A/Cairo/51/2012-egg,[],[u'F196L'],[],2012.930869267625,0.0,2.5895229869313203,3c,K,G,L,A,T,S,S,K,egg,A/Cairo/51/2012,K,G,L,A,T,S,S,K,0,0,0,0,0,0,0,0
308,A/California/61/2013-egg,[u'I217V'],[],[],2013.8213552361397,0.0,4.147533987369867,3c3,K,G,L,A,T,V,Y,K,egg,A/California/61/2013,K,G,L,A,T,S,S,K,0,0,0,0,0,1,1,0
346,A/Canberra/2/2014-egg,"[u'H156Q', u'G186V']",[],[],2014.060232717317,5.4872019911959714e-09,4.441469318385302,3c3,K,G,L,A,T,V,S,Q,egg,A/Canberra/2/2014,K,G,L,A,T,S,S,K,0,0,0,0,0,1,0,1
352,A/Canberra/82/2014-egg,[u'A304P'],[u'K82R'],[],2014.577686516085,0.0,5.715422101109742,3c2.A,K,G,P,A,T,S,S,K,egg,A/Canberra/82/2014,T,D,L,A,T,S,S,K,1,1,1,0,0,0,0,0
389,A/Christchurch/512/2012-egg,"[u'S91R', u'I242M', u'N246H']",[],[],2012.5092402464065,6.430723080912259e-09,1.9576983967077874,3b,K,G,L,A,T,V,S,K,egg,A/Christchurch/512/2012,K,G,L,A,T,S,S,K,0,0,0,0,0,1,0,0
390,A/Christchurch/516/2017-egg,"[u'T160K', u'L194P']",[],[],2017.7611225188227,0.025412336927416682,6.024445340039614,A2/re,K,D,P,A,T,S,S,K,egg,A/Christchurch/516/2017,T,D,L,A,T,S,S,K,1,0,1,0,0,0,0,0
418,A/Colorado/18/2012-egg,"[u'H156R', u'G186V']",[],[],2012.7830253251198,0.8153198457580554,5.281752798408488,3c2,K,G,L,A,T,V,S,R,egg,A/Colorado/18/2012,K,G,L,A,T,S,S,K,0,0,0,0,0,1,0,1
420,A/Colorado/6/2009-egg,[u'G186V'],[],[],2009.0547570157426,2.666813649238304e-10,2.666813649238304e-10,unassigned,K,G,L,A,T,V,S,K,egg,A/Colorado/6/2009,K,G,L,A,T,S,S,K,0,0,0,0,0,1,0,0
440,A/Connecticut/25/2018-egg,"[u'T160K', u'G186V']",[],[],2018.2354551676933,5.146660200333159e-10,5.999033006625824,A2/re,K,D,L,A,T,V,F,K,egg,A/Connecticut/25/2018,T,D,L,A,T,S,S,K,1,0,0,0,0,1,1,0
447,A/CostaRica/4700/2013-egg,"[u'L194P', u'T203I']",[],[],2013.5639972621493,0.025412338478563796,3.9697510312764352,3c,K,G,P,A,I,S,S,K,egg,A/CostaRica/4700/2013,K,G,L,A,T,S,S,K,0,0,1,0,1,0,0,0
461,A/CzechRepublic/18/2014-egg,[],[u'I108L'],[],2014.9609856262834,0.0,5.094340243391332,3c3.B,K,G,L,A,T,S,S,K,egg,A/CzechRepublic/18/2014,K,G,L,A,T,S,S,K,0,0,0,0,0,0,0,0
462,A/CzechRepublic/20/2014-egg,[],[u'D160N'],[],2014.996577686516,0.5220942618765029,5.531008389878464,3c3.A,K,D,L,S,T,S,S,K,egg,A/CzechRepublic/20/2014,K,D,L,S,T,S,S,K,0,0,0,0,0,0,0,0
463,A/CzechRepublic/22/2014-egg,[],[],[],2014.9609856262834,0.0,5.690009761972749,3c2.A,T,D,L,A,T,S,S,K,egg,A/CzechRepublic/22/2014,T,D,L,A,T,S,S,K,0,0,0,0,0,0,0,0
464,A/CzechRepublic/31/2015-egg,[],[],[],2015.0492813141684,0.0,5.094340243391332,3c3.B,K,G,L,A,T,S,S,K,egg,A/CzechRepublic/31/2015,K,G,L,A,T,S,S,K,0,0,0,0,0,0,0,0
465,A/CzechRepublic/35/2015-egg,[],[u'S71T'],[],2015.0766598220398,0.0,5.094340243391332,3c3.B,K,G,L,A,T,S,S,K,egg,A/CzechRepublic/35/2015,K,G,L,A,T,S,S,K,0,0,0,0,0,0,0,0
466,A/CzechRepublic/45/2015-egg,[],[],[],2015.0711841204654,0.0,5.690009761972749,3c2.A,T,D,L,A,T,S,S,K,egg,A/CzechRepublic/45/2015,T,D,L,A,T,S,S,K,0,0,0,0,0,0,0,0
467,A/CzechRepublic/60/2015-egg,[],[u'A43S'],[],2015.0903490759754,0.0,5.094340240572649,3c3.B,K,G,L,A,T,S,S,K,egg,A/CzechRepublic/60/2015,K,G,L,A,T,S,S,K,0,0,0,0,0,0,0,0
468,A/CzechRepublic/63/2015-egg,[],[],[],2015.0876112251883,0.0,5.199950043694185,3c3,K,G,L,A,T,S,S,K,egg,A/CzechRepublic/63/2015,K,G,L,A,T,S,S,K,0,0,0,0,0,0,0,0
469,A/CzechRepublic/64/2015-egg,[],[],[],2015.0903490759754,0.0,5.094340243391332,3c3.B,K,G,L,A,T,S,S,K,egg,A/CzechRepublic/64/2015,K,G,L,A,T,S,S,K,0,0,0,0,0,0,0,0
480,A/Delaware/32/2016-egg,"[u'T128N', u'A138S', u'T160I', u'G186V', u'S219Y', u'D225G']",[],[],2016.8733744010951,0.312394178897934,6.45611435700422,A1,I,G,L,S,T,V,Y,K,egg,A/Delaware/32/2016,T,D,L,A,T,S,S,K,1,1,0,1,0,1,1,0
551,A/Fiji/1/2014-egg,[],[],[],2014.3258042436687,0.0,4.147533987369867,3c3,K,G,L,A,T,V,Y,K,egg,A/Fiji/1/2014,K,G,L,A,T,S,S,K,0,0,0,0,0,1,1,0
553,A/Fiji/2/2015-egg,[u'D225G'],[],[],2015.1642710472279,2.209576654072506e-09,5.715422101109742,3c2.A,K,G,P,A,T,S,S,K,egg,A/Fiji/2/2015,T,D,L,A,T,S,S,K,1,1,1,0,0,0,0,0
559,A/Fiji/60/2016-egg,[],[],[],2016.4024640657085,0.0,5.805224376460485,3c2.A,K,G,P,A,T,S,S,K,egg,A/Fiji/60/2016,T,D,L,A,T,S,S,K,1,1,1,0,0,0,0,0
561,A/Fiji/7/2015-egg,[],[],[],2015.394250513347,0.0,5.715422098900166,3c2.A,K,D,P,A,T,S,S,K,egg,A/Fiji/7/2015,T,D,L,A,T,S,S,K,1,0,1,0,0,0,0,0
575,A/Florida/40/2012-egg,"[u'H156Q', u'G186V']",[],[],2012.6324435318274,5.4872019911959714e-09,4.770096253842932,3c,K,G,L,A,T,V,S,Q,egg,A/Florida/40/2012,K,G,L,A,T,S,S,K,0,0,0,0,0,1,0,1
584,A/Fujian-Tongan/196/2009-egg,[],[],[],2009.3449691991786,0.0,2.3001786476562076,unassigned,K,G,L,A,T,S,S,K,egg,A/Fujian-Tongan/196/2009,K,G,L,A,T,S,S,K,0,0,0,0,0,0,0,0
628,A/Glasgow/407664/2012-egg,[u'L194P'],[],[],2012.2546201232033,0.02541233667943203,3.0037256156673786,3c,K,G,P,A,T,S,S,K,egg,A/Glasgow/407664/2012,K,G,L,A,T,S,S,K,0,0,1,0,0,0,0,0
629,A/Glasgow/RVL5/2012-egg,"[u'H156R', u'G186V']",[u'V200F'],[],2012.971937029432,0.8153198457580554,4.962853828657015,3c3,K,G,L,A,T,V,S,R,egg,A/Glasgow/RVL5/2012,K,G,L,A,T,S,S,K,0,0,0,0,0,1,0,1
633,A/Greece/4/2017-egg,"[u'T160K', u'L194P', u'T203I']",[],[],2017.002737850787,0.02541233872654845,6.087901317073702,A1a,K,D,P,A,I,S,S,K,egg,A/Greece/4/2017,T,D,L,A,T,S,S,K,1,0,1,0,1,0,0,0
636,A/Guadeloupe/4127/2014-egg,"[u'G186V', u'S219F']",[],[],2014.1095140314853,9.174076096049796e-10,4.147533988801942,3c3,K,G,L,A,T,V,F,K,egg,A/Guadeloupe/4127/2014,K,G,L,A,T,S,S,K,0,0,0,0,0,1,1,0
643,A/Guangdong-Luohu/1256/2009-egg,[],[],[],2009.413415468857,0.0,1.1342590129095624,unassigned,K,G,P,A,T,S,S,K,egg,A/Guangdong-Luohu/1256/2009,K,G,L,A,T,S,S,K,0,0,1,0,0,0,0,0
645,A/Guangdong-Luohu/1257/2009-egg,[],[],[],2009.413415468857,0.0,1.1342590129095624,unassigned,K,G,P,A,T,S,S,K,egg,A/Guangdong-Luohu/1257/2009,K,G,L,A,T,S,S,K,0,0,1,0,0,0,0,0
653,A/GuangdongFutian/1253/2009-egg,[],[],[],2009.5074104040139,0.0,1.4634235553622137,unassigned,K,G,L,A,T,S,S,K,egg,A/GuangdongFutian/1253/2009,K,G,L,A,T,S,S,K,0,0,0,0,0,0,0,0
709,A/Hawaii/22/2012-egg,"[u'G186V', u'I226S']",[],[],2012.520191649555,1.4564300613658195e-09,2.978313291032022,3c,K,G,L,A,T,V,S,K,egg,A/Hawaii/22/2012,K,G,L,A,T,S,S,K,0,0,0,0,0,1,0,0
711,A/Hawaii/23/2012-egg,"[u'H156R', u'G186S']",[],[],2012.5722108145105,0.815319845491374,3.9836221166773385,3c,K,G,L,A,T,S,S,R,egg,A/Hawaii/23/2012,K,G,L,A,T,S,S,K,0,0,0,0,0,0,0,1
713,A/Hawaii/25/2012-egg,"[u'G186V', u'S219F']",[],[],2012.6735112936344,9.174076096049796e-10,2.9783132904929994,3c,K,G,L,A,T,V,F,K,egg,A/Hawaii/25/2012,K,G,L,A,T,S,S,K,0,0,0,0,0,1,1,0
716,A/Hawaii/27/2012-egg,[u'G186V'],[],[],2012.6461327857633,2.666813649238304e-10,2.0733549999636387,unassigned,K,G,L,A,T,V,S,K,egg,A/Hawaii/27/2012,K,G,L,A,T,S,S,K,0,0,0,0,0,1,0,0
725,A/Hawaii/44/2017-egg,"[u'T160K', u'L194V', u'D225G', u'I226T']",[],[],2017.6132785763175,1.3649140178996338e-08,6.697130455717171,A4,K,G,V,A,T,S,S,K,egg,A/Hawaii/44/2017,T,D,L,A,T,S,S,K,1,1,1,0,0,0,0,0
760,A/HongKong/2277/2017-egg,"[u'A138S', u'T160K', u'G186V', u'S219F', u'D225G']",[],[],2017.3778234086242,7.734563652004224e-09,6.709015538398169,A1b/135K,K,G,L,S,T,V,F,K,egg,A/HongKong/2277/2017,T,D,L,A,T,S,S,K,1,1,0,1,0,1,1,0
761,A/HongKong/2286/2017-egg,"[u'G78D', u'T160K', u'G186V', u'S219Y', u'R255K']",[],[],2017.3887748117727,5.00852352503302e-09,6.709015536475509,A1b/135K,K,D,L,A,T,V,Y,K,egg,A/HongKong/2286/2017,T,D,L,A,T,S,S,K,1,0,0,0,0,1,1,0
771,A/HongKong/26560/2009-egg,[],[],[],2009.7118412046543,0.0,1.4888358920416458,unassigned,K,G,P,A,T,S,S,K,egg,A/HongKong/26560/2009,K,G,L,A,T,S,S,K,0,0,1,0,0,0,0,0
775,A/HongKong/32/2013-egg,[u'G186V'],[],[],2013.0054757015744,2.666813649238304e-10,3.9443386957149347,3c,K,G,L,A,T,V,S,K,egg,A/HongKong/32/2013,K,G,L,A,T,S,S,K,0,0,0,0,0,1,0,0
783,A/HongKong/4547/2009-egg,[],[],[],2009.520191649555,0.0,0.5915393514777596,unassigned,K,G,L,A,T,S,S,K,egg,A/HongKong/4547/2009,K,G,L,A,T,S,S,K,0,0,0,0,0,0,0,0
786,A/HongKong/4801/2014-egg,"[u'N96S', u'I140K']",[],[],2014.1533196440794,2.6166946389794043e-09,5.71542210151686,3c2.A,K,D,P,A,T,S,S,K,egg,A/HongKong/4801/2014,T,D,L,A,T,S,S,K,1,0,1,0,0,0,0,0
792,A/HongKong/50/2016-egg,"[u'A138S', u'T160K', u'L194P']",[u'E155G'],[],2015.993839835729,0.025412341679750147,5.739369396527598,A1,K,D,P,S,T,S,S,K,egg,A/HongKong/50/2016,T,D,L,A,T,S,S,K,1,0,1,1,0,0,0,0
796,A/HongKong/5738/2014-egg,"[u'T203I', u'S312N']",[],[],2014.3258042436687,6.473455174475865e-09,5.715422105373621,3c2.A,K,D,P,A,I,S,S,K,egg,A/HongKong/5738/2014,T,D,L,A,T,S,S,K,1,0,1,0,1,0,0,0
802,A/HongKong/7127/2014-egg,[u'D225G'],[],[],2014.5722108145105,2.209576654072506e-09,5.715422101109742,3c2.A,K,G,P,A,T,S,S,K,egg,A/HongKong/7127/2014,T,D,L,A,T,S,S,K,1,1,1,0,0,0,0,0
828,A/Idaho/33/2016-egg,[],[],[],2016.432580424367,0.0,5.514067011772706,3c3.A,K,D,L,S,T,S,S,K,egg,A/Idaho/33/2016,K,D,L,S,T,S,S,K,0,0,0,0,0,0,0,0
830,A/Idaho/37/2016-egg,"[u'R142G', u'T160K', u'L164V', u'G186D', u'D190G', u'D225G']",[],[],2016.766598220397,0.20319530098714658,6.265684293464723,A1a,K,G,L,A,T,D,S,K,egg,A/Idaho/37/2016,T,D,L,A,T,S,S,K,1,1,0,0,0,1,0,0
874,A/Jiangsu-Chongchuan/12179/2014-egg,[],[],[],2014.6926762491444,0.0,3.594434058404942,unassigned,K,G,P,A,T,S,S,K,egg,A/Jiangsu-Chongchuan/12179/2014,K,G,L,A,T,S,S,K,0,0,1,0,0,0,0,0
875,A/Jiangsu-Chongchuan/12714/2015-egg,[],[],[],2015.8624229979466,0.0,3.594434058404942,unassigned,K,G,P,A,T,S,S,K,egg,A/Jiangsu-Chongchuan/12714/2015,K,G,L,A,T,S,S,K,0,0,1,0,0,0,0,0
876,A/Jiangsu-Chongchuan/12908/2015-egg,[],[],[],2015.9199178644765,0.0,3.594434058404942,unassigned,K,G,P,A,T,S,S,K,egg,A/Jiangsu-Chongchuan/12908/2015,K,G,L,A,T,S,S,K,0,0,1,0,0,0,0,0
877,A/Jiangsu-Chongchuan/1830/2014-egg,[],[],[],2014.2655715263518,0.0,3.594434058404942,unassigned,K,G,P,A,T,S,S,K,egg,A/Jiangsu-Chongchuan/1830/2014,K,G,L,A,T,S,S,K,0,0,1,0,0,0,0,0
878,A/Jiangsu-Danyang/1647/2012-egg,[],[],[],2012.7775496235456,0.0,3.072339796528439,unassigned,K,G,P,A,T,S,S,K,egg,A/Jiangsu-Danyang/1647/2012,K,G,L,A,T,S,S,K,0,0,1,0,0,0,0,0
879,A/Jiangsu-Donghai/57/2012-egg,[u'G186A'],[],[],2012.6735112936344,0.0,3.072339796528439,unassigned,K,G,P,A,T,A,S,K,egg,A/Jiangsu-Donghai/57/2012,K,G,L,A,T,S,S,K,0,0,1,0,0,1,0,0
881,A/Jiangsu-Qingpu/1660/2015-egg,[],[],[],2015.3230663928816,0.0,5.008914128001961,3c3.A,K,D,L,S,T,R,S,K,egg,A/Jiangsu-Qingpu/1660/2015,K,D,L,S,T,S,S,K,0,0,0,0,0,1,0,0
882,A/Jiangsu-Sucheng/1309/2016-egg,[],[],[],2016.2956878850102,0.0,5.0089141299078905,3c3.A,K,D,L,S,T,R,S,K,egg,A/Jiangsu-Sucheng/1309/2016,K,D,L,S,T,S,S,K,0,0,0,0,0,1,0,0
883,A/Jiangsu-Sucheng/1489/2017-egg,[],[],[],2017.4681724845996,0.0,5.0089141299078905,3c3.A,K,D,L,S,T,R,S,K,egg,A/Jiangsu-Sucheng/1489/2017,K,D,L,S,T,S,S,K,0,0,0,0,0,1,0,0
884,A/Jiangsu-Sucheng/1834/2017-egg,[],[],[],2017.7939767282683,0.0,5.0089141299078905,3c3.A,K,D,L,S,T,R,S,K,egg,A/Jiangsu-Sucheng/1834/2017,K,D,L,S,T,S,S,K,0,0,0,0,0,1,0,0
885,A/Jiangsu-Tianning/1707/2013-egg,[],[],[],2013.8213552361397,0.0,3.072339796528439,unassigned,K,G,P,A,T,S,S,K,egg,A/Jiangsu-Tianning/1707/2013,K,G,L,A,T,S,S,K,0,0,1,0,0,0,0,0
886,A/Jiangsu-Wujin/318/2013-egg,[],[u'C220R'],[],2013.9281314168377,0.0,3.072339796528439,unassigned,K,G,P,A,T,S,S,K,egg,A/Jiangsu-Wujin/318/2013,K,G,L,A,T,S,S,K,0,0,1,0,0,0,0,0
887,A/Jiangsu-Xinpu/1205/2012-egg,[],[],[],2012.3477070499657,0.0,3.072339796528439,unassigned,K,G,P,A,T,S,S,K,egg,A/Jiangsu-Xinpu/1205/2012,K,G,L,A,T,S,S,K,0,0,1,0,0,0,0,0
888,A/Jiangsu-Xinpu/1385/2012-egg,[],[],[],2012.640657084189,0.0,3.594434058404942,unassigned,K,G,P,A,T,S,S,K,egg,A/Jiangsu-Xinpu/1385/2012,K,G,L,A,T,S,S,K,0,0,1,0,0,0,0,0
889,A/Jiangsu-Xinpu/1963/2014-egg,[],[],[],2014.9199178644765,0.0,5.008914128001961,3c3.A,K,D,L,S,T,R,S,K,egg,A/Jiangsu-Xinpu/1963/2014,K,D,L,S,T,S,S,K,0,0,0,0,0,1,0,0
905,A/Kalamata/540/2017-egg,"[u'R142G', u'G186I', u'D190S', u'N246H']",[],[],2017.0492813141684,0.20319528856336513,6.265684265143124,A1a,T,D,L,A,T,I,S,K,egg,A/Kalamata/540/2017,T,D,L,A,T,S,S,K,0,0,0,0,0,1,0,0
923,A/Kanagawa/AC1627/2017-egg,[],[],[],2017.0793976728269,0.0,6.722542764131797,A4,K,D,P,A,T,S,S,K,egg,A/Kanagawa/AC1627/2017,T,D,L,A,T,S,S,K,1,0,1,0,0,0,0,0
924,A/Kanagawa/AC1709/2017-egg,[u'D188Y'],[],[],2017.933607118412,0.0,6.104605773481348,A2/re,T,D,P,A,T,S,S,K,egg,A/Kanagawa/AC1709/2017,T,D,L,A,T,S,S,K,0,0,1,0,0,0,0,0
927,A/Kanagawa/AC1740/2018-egg,"[u'T160K', u'L194P', u'T203I']",[],[],2018.3969883641341,0.02541233872654845,7.234493704263472,A2/re,K,D,P,A,I,S,S,K,egg,A/Kanagawa/AC1740/2018,T,D,L,A,T,S,S,K,1,0,1,0,1,0,0,0
931,A/Kanagawa/IC1610/2017-egg,"[u'A138S', u'H183L', u'L194M', u'D225G', u'P227H']",[u'K82N'],[],2017.024640657084,1.191331977995249,7.190364981107447,A2,T,G,M,S,T,S,S,K,egg,A/Kanagawa/IC1610/2017,T,D,L,A,T,S,S,K,0,1,1,1,0,0,0,0
932,A/Kanagawa/IC1618/2017-egg,[u'A304T'],[u'A201V'],[],2017.0520191649555,0.29393533787229087,6.318380679711037,A2,K,D,P,A,I,S,S,K,egg,A/Kanagawa/IC1618/2017,T,D,L,A,T,S,S,K,1,0,1,0,1,0,0,0
934,A/Kanagawa/IC1725/2018-egg,"[u'T131N', u'A138S', u'D190G', u'D225G', u'P227S', u'N246T']",[],[],2018.0465434633813,9.727440525045257e-09,6.504104285235376,A1b/135N,T,G,L,S,T,S,S,K,egg,A/Kanagawa/IC1725/2018,T,D,L,A,T,S,S,K,0,1,0,1,0,0,0,0
937,A/Kanagawa/IC1739/2018-egg,"[u'T160K', u'L194P']",[],[],2018.1177275838468,0.025412336927416682,6.104605773729332,A2/re,K,D,P,A,T,S,S,K,egg,A/Kanagawa/IC1739/2018,T,D,L,A,T,S,S,K,1,0,1,0,0,0,0,0
939,A/Kanagawa/IC1745/2018-egg,"[u'T160K', u'L194P']",[],[],2018.1642710472279,0.025412336927416682,6.104605773729332,A2/re,K,D,P,A,T,S,S,K,egg,A/Kanagawa/IC1745/2018,T,D,L,A,T,S,S,K,1,0,1,0,0,0,0,0
944,A/Kanagawa/ZC1613/2017-egg,"[u'A138S', u'T160I', u'L194P', u'T203I']",[],[],2017.0985626283368,0.3378065117954924,6.254958930873053,A1,I,D,P,S,I,S,S,K,egg,A/Kanagawa/ZC1613/2017,T,D,L,A,T,S,S,K,1,0,1,1,1,0,0,0
952,A/Kansas/14/2017-egg,"[u'D190N', u'N246S']",[],[],2017.950034223135,3.805619985087901e-09,6.461449111982434,3c3.A,K,D,L,S,T,S,S,K,egg,A/Kansas/14/2017,K,D,L,S,T,S,S,K,0,0,0,0,0,0,0,0
1072,A/Maine/5/2012-egg,"[u'Y98F', u'I226N']",[],[],2012.2546201232033,3.200849090566774e-09,3.332890161320879,3c,K,G,L,A,T,S,S,K,egg,A/Maine/5/2012,K,G,L,A,T,S,S,K,0,0,0,0,0,0,0,0
1113,A/Maryland/2/2012-egg,"[u'H156Q', u'G186V', u'S219Y']",[],[],2012.0465434633813,6.976933194830267e-09,1.957698399601779,3b,K,G,L,A,T,V,Y,Q,egg,A/Maryland/2/2012,K,G,L,A,T,S,S,K,0,0,0,0,0,1,1,1
1142,A/Missouri/4/2013-egg,"[u'A138S', u'L194P']",[],[],2013.1998631074607,0.025412341039026762,4.491845293689459,3c2,K,G,P,S,T,S,S,K,egg,A/Missouri/4/2013,K,G,L,A,T,S,S,K,0,0,1,1,0,0,0,0
1195,A/Nebraska/19/2015-egg,"[u'T160K', u'L194P']",[],[],2015.807665982204,0.025412336927416682,5.988616531668276,3c2.A,K,D,P,A,T,S,S,K,egg,A/Nebraska/19/2015,T,D,L,A,T,S,S,K,1,0,1,0,0,0,0,0
1218,A/Nevada/20/2012-egg,"[u'G186V', u'N246T']",[],[],2012.2546201232033,2.666813649238304e-10,1.9854128406114988,3b,K,G,L,A,T,V,S,K,egg,A/Nevada/20/2012,K,G,L,A,T,S,S,K,0,0,0,0,0,1,0,0
1221,A/NewCaledonia/71/2014-egg,[u'S9N'],[u'G150E'],[],2014.6132785763175,0.1219640812976452,5.837386182407387,3c2.A,K,G,P,A,T,S,S,K,egg,A/NewCaledonia/71/2014,T,D,L,A,T,S,S,K,1,1,1,0,0,0,0,0
1223,A/NewHampshire/10/2012-egg,"[u'H156Q', u'G186V', u'S219F']",[],[],2012.3422313483916,6.137928235877121e-09,2.9783132968917925,3c,K,G,L,A,T,V,F,Q,egg,A/NewHampshire/10/2012,K,G,L,A,T,S,S,K,0,0,0,0,0,1,1,1
1225,A/NewHampshire/11/2012-egg,[],[],[],2012.7118412046543,0.0,3.003725626255024,3c,K,G,P,A,T,S,S,K,egg,A/NewHampshire/11/2012,K,G,L,A,T,S,S,K,0,0,1,0,0,0,0,0
1226,A/NewHampshire/16/2012-egg,[u'G186V'],[u'A201V'],[],2012.8843258042436,0.2939353381389722,3.2722486171269187,3c,K,G,L,A,T,V,S,K,egg,A/NewHampshire/16/2012,K,G,L,A,T,S,S,K,0,0,0,0,0,1,0,0
1236,A/NewYork/38/2012-egg,[],[],[],2012.7939767282683,0.0,3.003725626255024,3c,K,G,P,A,T,S,S,K,egg,A/NewYork/38/2012,K,G,L,A,T,S,S,K,0,0,1,0,0,0,0,0
1257,A/Newcastle/1/2013-egg,"[u'G186V', u'S219F']",[],[],2013.0355920602328,9.174076096049796e-10,4.147533983816367,3c3,K,G,L,A,T,V,F,K,egg,A/Newcastle/1/2013,K,G,L,A,T,S,S,K,0,0,0,0,0,1,1,0
1259,A/Newcastle/22/2014-egg,"[u'A138S', u'L194P']",[],[],2014.454483230664,0.025412341039026762,5.119752581611675,3c3.B,K,G,P,S,T,S,S,K,egg,A/Newcastle/22/2014,K,G,L,A,T,S,S,K,0,0,1,1,0,0,0,0
1261,A/Newcastle/25/2014-egg,[u'G186V'],[],[],2014.3367556468172,2.666813649238304e-10,5.094340240839331,3c3.B,K,G,L,A,T,V,S,K,egg,A/Newcastle/25/2014,K,G,L,A,T,S,S,K,0,0,0,0,0,1,0,0
1264,A/Newcastle/36/2017-egg,"[u'T160R', u'L194P', u'T203I']",[],[],2017.2874743326488,0.025412338478563796,6.507860108069672,A1b,R,D,P,A,I,S,S,K,egg,A/Newcastle/36/2017,T,D,L,A,T,S,S,K,1,0,1,0,1,0,0,0
1300,A/NorthCarolina/13/2014-egg,[],[],[],2014.2847364818617,0.0,5.008914128268643,3c3.A,K,D,L,S,T,V,S,K,egg,A/NorthCarolina/13/2014,K,D,L,S,T,S,S,K,0,0,0,0,0,1,0,0
1309,A/Norway/1292/2012-egg,[u'L194P'],[],[],2012.3258042436687,0.02541233667943203,3.63528758278544,3c,K,G,P,A,T,S,S,K,egg,A/Norway/1292/2012,K,G,L,A,T,S,S,K,0,0,1,0,0,0,0,0
1321,A/Norway/2178/2014-egg,"[u'T203I', u'I226T']",[],[],2014.5968514715948,1.2990710637402178e-08,5.715422111890876,3c2.A,K,D,P,A,I,S,S,K,egg,A/Norway/2178/2014,T,D,L,A,T,S,S,K,1,0,1,0,1,0,0,0
1356,A/Norway/3806/2016-egg,"[u'T160K', u'L194P']",[],[],2016.4490075290896,0.025412336927416682,5.889048004194427,A1a,K,D,P,A,T,S,S,K,egg,A/Norway/3806/2016,T,D,L,A,T,S,S,K,1,0,1,0,0,0,0,0
1365,A/Norway/4465/2016-egg,[],[],[],2016.851471594798,0.0,6.024445341838746,A2,K,D,P,A,I,S,S,K,egg,A/Norway/4465/2016,T,D,L,A,T,S,S,K,1,0,1,0,1,0,0,0
1368,A/Norway/4849/2016-egg,"[u'T160K', u'L194P', u'D225G']",[],[],2016.9199178644765,0.025412339136993336,5.715422190903455,A3,K,G,P,A,T,S,S,K,egg,A/Norway/4849/2016,T,D,L,A,T,S,S,K,1,1,1,0,0,0,0,0
1381,A/Ohio/31/2017-egg,"[u'T160K', u'L194P', u'T203I']",[],[],2017.561259411362,0.02541233872654845,5.71542219049301,A3,K,D,P,A,I,S,S,K,egg,A/Ohio/31/2017,T,D,L,A,T,S,S,K,1,0,1,0,1,0,0,0
1421,A/Oregon/1/2013-egg,"[u'A138S', u'L194P']",[],[],2013.0273785078714,0.025412341039026762,4.491845293689459,3c2,K,G,P,S,T,S,S,K,egg,A/Oregon/1/2013,K,G,L,A,T,S,S,K,0,0,1,1,0,0,0,0
1436,A/Palau/6759/2014-egg,[],[],[],2014.2299794661192,0.0,5.00891413013233,3c3.A,K,D,L,S,T,S,S,K,egg,A/Palau/6759/2014,K,D,L,S,T,S,S,K,0,0,0,0,0,0,0,0
1457,A/Pennsylvania/15/2010-egg,[],[],[],2010.72553045859,0.0,2.3004429526035484,unassigned,K,G,L,A,T,S,S,K,egg,A/Pennsylvania/15/2010,K,G,L,A,T,S,S,K,0,0,0,0,0,0,0,0
1459,A/Pennsylvania/8/2013-egg,[],[],[],2013.7611225188227,0.0,4.147533987369867,3c3,K,G,L,A,T,V,Y,K,egg,A/Pennsylvania/8/2013,K,G,L,A,T,S,S,K,0,0,0,0,0,1,1,0
1462,A/Pennsylvania/9/2012-egg,[u'L194P'],[],[],2012.3039014373717,0.02541233667943203,3.1937146078653966,3c,K,G,P,A,T,S,S,K,egg,A/Pennsylvania/9/2012,K,G,L,A,T,S,S,K,0,0,1,0,0,0,0,0
1465,A/Perth/1/2014-egg,[],[],[],2014.0,0.0,4.1475339846553725,3c3,K,G,L,A,T,V,Y,K,egg,A/Perth/1/2014,K,G,L,A,T,S,S,K,0,0,0,0,0,1,1,0
1469,A/Perth/15/2009-egg,[],[],[],2009.2628336755647,0.0,2.3004429526035484,unassigned,K,G,L,A,T,S,S,K,egg,A/Perth/15/2009,K,G,L,A,T,S,S,K,0,0,0,0,0,0,0,0
1472,A/Perth/16/2009-egg,[],[],[],2009.2628336755647,0.0,2.3004429526035484,unassigned,K,G,L,A,T,S,S,K,egg,A/Perth/16/2009,K,G,L,A,T,S,S,K,0,0,0,0,0,0,0,0
1473,A/Perth/2/2014-egg,[],[],[],2014.0,0.0,4.1475339846553725,3c3,K,G,L,A,T,V,Y,K,egg,A/Perth/2/2014,K,G,L,A,T,S,S,K,0,0,0,0,0,1,1,0
1474,A/Perth/239/2013-egg,"[u'L194P', u'T203I']",[],[],2013.7337440109513,0.025412338478563796,4.491845291128996,3c2,K,G,P,A,I,S,S,K,egg,A/Perth/239/2013,K,G,L,A,T,S,S,K,0,0,1,0,1,0,0,0
1480,A/Perth/501/2010-egg,[u'L194P'],[],[],2010.3805612594113,0.02541233667943203,0.7781650238985894,unassigned,K,G,P,A,T,S,S,K,egg,A/Perth/501/2010,K,G,L,A,T,S,S,K,0,0,1,0,0,0,0,0
1511,A/Philippines/2191/2009-egg,[],[],[],2009.3969883641341,0.0,1.1342590129095624,unassigned,K,G,P,A,T,S,S,K,egg,A/Philippines/2191/2009,K,G,L,A,T,S,S,K,0,0,1,0,0,0,0,0
1540,A/Qingdao/505/2009-egg,"[u'F147L', u'T283A', u'P293S']",[],[u'L13M'],2009.6488706365503,1.6516274576187838e-08,1.108846692746405,unassigned,K,G,L,A,T,S,S,K,egg,A/Qingdao/505/2009,K,G,L,A,T,S,S,K,0,0,0,0,0,0,0,0
1541,A/Qingdao/522/2009-egg,[],[u'T59A'],[],2009.6652977412732,0.0,1.1088466762301303,unassigned,K,G,L,A,T,S,S,K,egg,A/Qingdao/522/2009,K,G,L,A,T,S,S,K,0,0,0,0,0,0,0,0
1546,A/RhodeIsland/1/2010-egg,"[u'H183L', u'D188Y']",[],[],2010.0684462696784,1.1913319714260775,2.079629430901054,unassigned,K,G,L,A,T,S,S,K,egg,A/RhodeIsland/1/2010,K,G,L,A,T,S,S,K,0,0,0,0,0,0,0,0
1547,A/RhodeIsland/2/2018-egg,[u'T160K'],[],[],2018.0054757015744,2.4798465510948553e-10,7.270525408475978,A2/re,K,D,M,A,T,S,S,K,egg,A/RhodeIsland/2/2018,T,D,L,A,T,S,S,K,1,0,1,0,0,0,0,0
1565,A/Saitama/103/2014-egg,[],[u'H106L'],[],2014.8761122518822,0.0,5.690009761972749,3c2.A,T,D,L,A,T,S,S,K,egg,A/Saitama/103/2014,T,D,L,A,T,S,S,K,0,0,0,0,0,0,0,0
1632,A/Shandong-Laicheng/1760/2016-egg,"[u'D225G', u'N246S']",[],[],2016.9472963723476,4.1155061808664075e-09,5.008914132117467,3c3.A,K,G,L,S,T,S,S,K,egg,A/Shandong-Laicheng/1760/2016,K,D,L,S,T,S,S,K,0,1,0,0,0,0,0,0
1633,A/Shandong-Laicheng/1763/2016-egg,"[u'I140M', u'G186I', u'I214T', u'D225G', u'N246H']",[],[],2016.9472963723476,0.027714466352985172,5.036628594354946,3c3.A,K,G,L,S,T,I,S,K,egg,A/Shandong-Laicheng/1763/2016,K,D,L,S,T,S,S,K,0,1,0,0,0,1,0,0
1642,A/ShanghaiLuwan/188/2011-egg,[],[],[],2011.1204654346338,0.0,2.4715539406271363,unassigned,K,G,L,A,T,S,S,K,egg,A/ShanghaiLuwan/188/2011,K,G,L,A,T,S,S,K,0,0,0,0,0,0,0,0
1657,A/Singapore/22/2012-egg,[u'G186V'],[],[],2012.4298425735797,2.666813649238304e-10,3.944338691040611,3c,K,G,L,A,T,V,S,K,egg,A/Singapore/22/2012,K,G,L,A,T,S,S,K,0,0,0,0,0,1,0,0
1660,A/Singapore/C2011545C/2011-egg,[],[],[],2011.542094455852,0.0,2.479792651886886,3b,K,G,L,A,T,S,S,K,egg,A/Singapore/C2011545C/2011,K,G,L,A,T,S,S,K,0,0,0,0,0,0,0,0
1663,A/Singapore/CGH05/2013-egg,"[u'N96S', u'L194P']",[],[],2013.4024640657085,0.02541233818290716,4.491845290833339,3c2,K,G,P,A,T,S,S,K,egg,A/Singapore/CGH05/2013,K,G,L,A,T,S,S,K,0,0,1,0,0,0,0,0
1666,A/Singapore/GP0077/2018-egg,"[u'T160K', u'L194P', u'T203I']",[],[],2018.0273785078714,0.02541233872654845,6.2870684917522635,A1b/135N,K,D,P,A,I,S,S,K,egg,A/Singapore/GP0077/2018,T,D,L,A,T,S,S,K,1,0,1,0,1,0,0,0
1675,A/Singapore/GP1523/2014-egg,"[u'N31S', u'D225N', u'R269K']",[],[],2014.520191649555,0.2769850899625954,5.992407188862761,3c2.A,K,G,P,A,T,S,S,K,egg,A/Singapore/GP1523/2014,T,D,L,A,T,S,S,K,1,1,1,0,0,0,0,0
1676,A/Singapore/GP1599/2013-egg,[u'S219F'],[],[],2013.8213552361397,6.507262446811493e-10,4.147533983816368,3c3,K,G,L,A,T,V,F,K,egg,A/Singapore/GP1599/2013,K,G,L,A,T,S,S,K,0,0,0,0,0,1,1,0
1678,A/Singapore/GP1940/2013-egg,"[u'H156R', u'D225G']",[],[u'A16T'],2013.9281314168377,0.8153198489670266,5.824233976968987,3c3.A,K,G,L,S,T,S,S,R,egg,A/Singapore/GP1940/2013,K,D,L,S,T,S,S,K,0,1,0,0,0,0,0,1
1680,A/Singapore/GP2050/2015-egg,"[u'L194P', u'D225N']",[],[],2015.9390828199862,0.02541233865604938,5.8530717593736945,3c2.A,T,G,P,A,T,S,S,K,egg,A/Singapore/GP2050/2015,T,D,L,A,T,S,S,K,0,1,1,0,0,0,0,0
1681,A/Singapore/GP2646/2016-egg,"[u'T160A', u'G186V', u'D190N', u'D225G']",[],[],2016.9363449691991,0.08440256952046618,6.176352601753214,A1b,A,G,L,A,T,V,S,K,egg,A/Singapore/GP2646/2016,T,D,L,A,T,S,S,K,1,1,0,0,0,1,0,0
1686,A/Singapore/GP637/2013-egg,"[u'G186V', u'N246H']",[],[],2013.3039014373717,1.7646580305978132e-09,4.46643295441509,3c2,K,G,L,A,T,V,S,K,egg,A/Singapore/GP637/2013,K,G,L,A,T,S,S,K,0,0,0,0,0,1,0,0
1689,A/Singapore/H2009332C/2009-egg,[],[],[],2009.3285420944558,0.0,1.280221957840356,unassigned,K,G,L,A,T,S,S,K,egg,A/Singapore/H2009332C/2009,K,G,L,A,T,S,S,K,0,0,0,0,0,0,0,0
1691,A/Singapore/H2009334C/2009-egg,[],[],[],2009.331279945243,0.0,1.280221957840356,unassigned,K,G,L,A,T,S,S,K,egg,A/Singapore/H2009334C/2009,K,G,L,A,T,S,S,K,0,0,0,0,0,0,0,0
1693,A/Singapore/H2009471C/2009-egg,[],[],[],2009.4681724845996,0.0,1.280221964586513,unassigned,K,G,L,A,T,S,S,K,egg,A/Singapore/H2009471C/2009,K,G,L,A,T,S,S,K,0,0,0,0,0,0,0,0
1695,A/Singapore/H2010321C/2010-egg,[],[],[],2010.3175906913073,0.0,0.8882974729319346,unassigned,K,G,L,A,T,S,S,K,egg,A/Singapore/H2010321C/2010,K,G,L,A,T,S,S,K,0,0,0,0,0,0,0,0
1697,A/Singapore/H2010370C/2010-egg,[],[],[],2010.3668720054757,0.0,0.7527526872191574,unassigned,K,G,L,A,T,S,S,K,egg,A/Singapore/H2010370C/2010,K,G,L,A,T,S,S,K,0,0,0,0,0,0,0,0
1699,A/Singapore/H2010471C/2010-egg,[],[],[],2010.4681724845996,0.0,0.7527526879623117,unassigned,K,G,L,A,T,S,S,K,egg,A/Singapore/H2010471C/2010,K,G,L,A,T,S,S,K,0,0,0,0,0,0,0,0
1702,A/Singapore/H2010564C/2010-egg,[],[],[],2010.561259411362,0.0,0.8520842252670877,unassigned,K,G,L,A,T,S,S,K,egg,A/Singapore/H2010564C/2010,K,G,L,A,T,S,S,K,0,0,0,0,0,0,0,0
1704,A/Singapore/H2010666C/2010-egg,[],[],[],2010.662559890486,0.0,0.8882974673481272,unassigned,K,G,L,A,T,S,S,K,egg,A/Singapore/H2010666C/2010,K,G,L,A,T,S,S,K,0,0,0,0,0,0,0,0
1706,A/Singapore/H2011460cC/2011-egg,[],[],[],2011.457221081451,0.0,1.957698390010383,3b,K,G,L,A,T,S,S,K,egg,A/Singapore/H2011460cC/2011,K,G,L,A,T,S,S,K,0,0,0,0,0,0,0,0
1708,A/Singapore/H2011504C/2011-egg,[],[],[],2011.501026694045,0.0,1.957698390010383,3b,K,G,L,A,T,S,S,K,egg,A/Singapore/H2011504C/2011,K,G,L,A,T,S,S,K,0,0,0,0,0,0,0,0
1710,A/Singapore/H2011704C/2011-egg,[],[],[],2011.7008898015058,0.0,1.957698390010383,3b,K,G,L,A,T,S,S,K,egg,A/Singapore/H2011704C/2011,K,G,L,A,T,S,S,K,0,0,0,0,0,0,0,0
1712,A/Singapore/H2011808bC/2011-egg,[],[],[],2011.8049281314168,0.0,2.9783132789879465,3c,K,G,L,A,T,S,S,K,egg,A/Singapore/H2011808bC/2011,K,G,L,A,T,S,S,K,0,0,0,0,0,0,0,0
1721,A/Singapore/Infimh-16-0019/2016-egg,"[u'T160K', u'L194P']",[],[],2016.4517453798767,0.025412336927416682,6.064528837302622,A1,K,D,P,A,T,S,S,K,egg,A/Singapore/Infimh-16-0019/2016,T,D,L,A,T,S,S,K,1,0,1,0,0,0,0,0
1722,A/Singapore/KK0199/2018-egg,[],[],[],2018.1149897330595,0.0,6.104605773729332,A2/re,K,D,P,A,T,S,S,K,egg,A/Singapore/KK0199/2018,T,D,L,A,T,S,S,K,1,0,1,0,0,0,0,0
1725,A/Singapore/KK1100/2016-egg,[u'T160K'],[],[],2016.911704312115,2.4798465510948553e-10,5.7154221886938785,A3,K,D,P,A,T,S,S,K,egg,A/Singapore/KK1100/2016,T,D,L,A,T,S,S,K,1,0,1,0,0,0,0,0
1729,A/Singapore/KK943/2014-egg,[u'D225N'],[],[],2014.7638603696098,1.976617351281002e-09,5.715422100876783,3c2.A,K,G,P,A,T,S,S,K,egg,A/Singapore/KK943/2014,T,D,L,A,T,S,S,K,1,1,1,0,0,0,0,0
1756,A/SouthAfrica/2982/2015-egg,"[u'T160K', u'L194P']",[],[],2015.4216290212185,0.025412336927416682,5.715423801274108,3c2.A,K,D,P,A,T,S,S,K,egg,A/SouthAfrica/2982/2015,T,D,L,A,T,S,S,K,1,0,1,0,0,0,0,0
1782,A/SouthAustralia/135/2016-egg,"[u'A138S', u'H156R', u'T160K', u'G186V']",[],[],2016.8432580424367,0.8153198503656347,6.529276986000565,A1,K,D,L,S,T,V,S,R,egg,A/SouthAustralia/135/2016,T,D,L,A,T,S,S,K,1,0,0,1,0,1,0,1
1787,A/SouthAustralia/2/2013-egg,"[u'V43I', u'N144K', u'S219F', u'I267T']","[u'G150E', u'N158H']",[],2013.021902806297,0.455379788702206,2.4130781789792706,3b,K,G,L,A,T,V,F,K,egg,A/SouthAustralia/2/2013,K,G,L,A,T,S,S,K,0,0,0,0,0,1,1,0
1789,A/SouthAustralia/209/2017-egg,"[u'T160I', u'L194P']",[],[],2017.5311430527036,0.3378065056367659,7.034936931188522,A4,I,D,P,A,T,S,S,K,egg,A/SouthAustralia/209/2017,T,D,L,A,T,S,S,K,1,0,1,0,0,0,0,0
1790,A/SouthAustralia/21/2015-egg,"[u'T10M', u'T160K', u'L194P', u'T203I']",[],[u'F15S'],2015.1943874058863,0.11521461407729094,5.80522437605004,3c2.A,K,D,P,A,I,S,S,K,egg,A/SouthAustralia/21/2015,T,D,L,A,T,S,S,K,1,0,1,0,1,0,0,0
1793,A/SouthAustralia/273/2017-egg,"[u'T160K', u'L194P']",[],[],2017.9445585215606,0.025412336927416682,6.02444534154309,A2/re,K,D,P,A,T,S,S,K,egg,A/SouthAustralia/273/2017,T,D,L,A,T,S,S,K,1,0,1,0,0,0,0,0
1795,A/SouthAustralia/30/2012-egg,"[u'I140K', u'L194P']",[],[],2012.3559206023272,0.025412337792651535,1.7441904546915774,unassigned,K,G,P,A,T,S,S,K,egg,A/SouthAustralia/30/2012,K,G,L,A,T,S,S,K,0,0,1,0,0,0,0,0
1797,A/SouthAustralia/54/2016-egg,[u'D225G'],[],[],2016.5284052019165,2.209576654072506e-09,5.345158766059145,3c3.A,K,G,L,S,T,S,S,K,egg,A/SouthAustralia/54/2016,K,D,L,S,T,S,S,K,0,1,0,0,0,0,0,0
1798,A/SouthAustralia/55/2014-egg,"[u'H156R', u'G186E']",[],[],2014.4900752908966,0.8153198485345989,5.8242339827975735,3c3.A,K,G,L,S,T,E,S,R,egg,A/SouthAustralia/55/2014,K,D,L,S,T,S,S,K,0,1,0,0,0,1,0,1
1806,A/SouthDakota/12/2012-egg,[],[],[],2012.8268309377138,0.0,4.466432954823044,3c2,K,G,L,A,T,V,S,K,egg,A/SouthDakota/12/2012,K,G,L,A,T,S,S,K,0,0,0,0,0,1,0,0
1807,A/SouthDakota/15/2012-egg,"[u'S145N', u'S219Y']",[],[],2012.829568788501,1.3234541592485605e-08,4.466432966151656,3c2,K,G,L,A,T,V,Y,K,egg,A/SouthDakota/15/2012,K,G,L,A,T,S,S,K,0,0,0,0,0,1,1,0
1808,A/SouthDakota/16/2012-egg,[u'K299R'],[],[],2012.8268309377138,0.0,4.466432954823044,3c2,K,G,L,A,T,V,S,K,egg,A/SouthDakota/16/2012,K,G,L,A,T,S,S,K,0,0,0,0,0,1,0,0
1810,A/Southaustralia/55/2014-egg,[u'S145N'],[],[],2014.4490075290896,1.1744810388851309e-08,5.008914146007785,3c3.A,K,G,L,S,T,S,S,K,egg,A/Southaustralia/55/2014,K,D,L,S,T,S,S,K,0,1,0,0,0,0,0,0
1812,A/Southaustralia/9/2015-egg,"[u'I140K', u'T160K', u'L194P']",[],[],2015.1149897330595,0.025412338040636192,6.694048358407627,3c2.A,K,D,P,A,T,S,S,K,egg,A/Southaustralia/9/2015,T,D,L,A,T,S,S,K,1,0,1,0,0,0,0,0
1822,A/SriLanka/56/2013-egg,[u'L194P'],[],[],2013.6789869952088,0.02541233667943203,4.172946322292886,3c3,K,G,P,A,T,S,S,K,egg,A/SriLanka/56/2013,K,G,L,A,T,S,S,K,0,0,1,0,0,0,0,0
1826,A/SriLanka/61/2015-egg,[u'T203I'],[],[],2015.908966461328,1.799131767587832e-09,5.7393693949393665,A1,K,D,P,S,I,S,S,K,egg,A/SriLanka/61/2015,T,D,L,A,T,S,S,K,1,0,1,1,1,0,0,0
1833,A/SriLanka/93/2017-egg,"[u'T160K', u'L194P', u'T203I']",[],[],2017.870636550308,0.02541233872654845,6.287068493776205,A1b/135N,K,D,P,A,I,S,S,K,egg,A/SriLanka/93/2017,T,D,L,A,T,S,S,K,1,0,1,0,1,0,0,0
1871,A/Stockholm/36/2012-egg,[u'G186V'],[],[],2012.8761122518822,2.666813649238304e-10,4.066302772338257,3c,K,G,L,A,T,V,S,K,egg,A/Stockholm/36/2012,K,G,L,A,T,S,S,K,0,0,0,0,0,1,0,0
1891,A/Switzerland/7586983/2012-egg,[],[],[],2012.952772073922,0.0,3.944338693349249,3c,K,G,L,A,T,S,S,K,egg,A/Switzerland/7586983/2012,K,G,L,A,T,S,S,K,0,0,0,0,0,0,0,0
1893,A/Switzerland/7587197/2012-egg,"[u'H156Q', u'G186V', u'S219F']",[],[],2012.952772073922,6.137928235877121e-09,4.147533981163737,3c3,K,G,L,A,T,V,F,Q,egg,A/Switzerland/7587197/2012,K,G,L,A,T,S,S,K,0,0,0,0,0,1,1,1
1895,A/Switzerland/8060/2017-egg,"[u'T160K', u'L194P']",[],[],2017.9691991786447,0.025412336927416682,6.02444534154309,A2/re,K,D,P,A,T,S,S,K,egg,A/Switzerland/8060/2017,T,D,L,A,T,S,S,K,1,0,1,0,0,0,0,0
1897,A/Switzerland/9715293/2013-egg,"[u'I140R', u'S219Y']",[],[],2013.9281314168377,3.237382289865362e-09,5.008914131506025,3c3.A,K,D,L,S,T,V,Y,K,egg,A/Switzerland/9715293/2013,K,D,L,S,T,S,S,K,0,0,0,0,0,1,1,0
1901,A/Sydney/103/2017-egg,"[u'Y94H', u'A138S', u'T160K', u'D190N', u'D225G', u'K264E']",[u'D79G'],[],2017.2381930184804,1.0740788290373473e-08,5.851402601557335,A1b,K,G,L,S,T,S,S,K,egg,A/Sydney/103/2017,T,D,L,A,T,S,S,K,1,1,0,1,0,0,0,0
1905,A/Sydney/142/2016-egg,"[u'H156Q', u'D225G']",[],[],2016.495550992471,7.430097280344647e-09,5.3451587712796655,3c3.A,K,G,L,S,T,S,S,Q,egg,A/Sydney/142/2016,K,D,L,S,T,S,S,K,0,1,0,0,0,0,0,1
1910,A/Sydney/195/2012-egg,"[u'G186V', u'N246H']",[],[],2012.5968514715948,1.7646580305978132e-09,1.7187781186635838,unassigned,K,G,L,A,T,V,S,K,egg,A/Sydney/195/2012,K,G,L,A,T,S,S,K,0,0,0,0,0,1,0,0
1912,A/Sydney/22/2018-egg,"[u'A138S', u'R142G', u'T160K', u'L194P']",[],[],2018.167008898015,0.22860762472964077,6.6122278722528565,A1b/135N,K,D,P,S,T,S,S,K,egg,A/Sydney/22/2018,T,D,L,A,T,S,S,K,1,0,1,1,0,0,0,0
1914,A/Sydney/30/2014-egg,[],[],[],2014.1642710472279,0.0,4.147533987369867,3c3,K,G,L,A,T,V,Y,K,egg,A/Sydney/30/2014,K,G,L,A,T,S,S,K,0,0,0,0,0,1,1,0
1920,A/Sydney/52/2017-egg,"[u'T160K', u'L194P', u'T203I', u'D225G']",[],[],2017.1752224503764,0.025412340936125103,5.874914250686652,A1b,K,G,P,A,I,S,S,K,egg,A/Sydney/52/2017,T,D,L,A,T,S,S,K,1,1,1,0,1,0,0,0
1929,A/Taiwan/240/2009-egg,[u'S45N'],[],[],2009.1177275838468,0.12883159961462418,0.1542439362940562,unassigned,K,G,P,A,T,S,S,K,egg,A/Taiwan/240/2009,K,G,L,A,T,S,S,K,0,0,1,0,0,0,0,0
1936,A/Taiwan/613/2012-egg,[],[],[u'F15V'],2012.37234770705,0.0,2.9783132789879465,3c,K,G,L,A,T,S,S,K,egg,A/Taiwan/613/2012,K,G,L,A,T,S,S,K,0,0,0,0,0,0,0,0
1951,A/Taiwan/839/2009-egg,[],[],[],2009.7501711156742,0.0,1.1342590129095624,unassigned,K,G,P,A,T,S,S,K,egg,A/Taiwan/839/2009,K,G,L,A,T,S,S,K,0,0,1,0,0,0,0,0
1953,A/Taiwan/851/2010-egg,[],[],[],2010.7036276522929,0.0,1.280221969201059,unassigned,K,G,L,A,T,S,S,K,egg,A/Taiwan/851/2010,K,G,L,A,T,S,S,K,0,0,0,0,0,0,0,0
1971,A/Tasmania/1012/2015-egg,"[u'G186V', u'S219F']",[],[],2015.5886379192334,9.174076096049796e-10,5.094340244308739,3c3.B,K,G,L,A,T,V,F,K,egg,A/Tasmania/1012/2015,K,G,L,A,T,S,S,K,0,0,0,0,0,1,1,0
1972,A/Tasmania/11/2014-egg,"[u'Q1K', u'G186D', u'D190G']",[],[],2014.2026009582478,9.20088061532502e-09,5.008914139412418,3c3.A,K,G,L,S,T,D,S,K,egg,A/Tasmania/11/2014,K,D,L,S,T,S,S,K,0,1,0,0,0,1,0,0
1974,A/Tasmania/18/2017-egg,"[u'T160K', u'L194P']",[],[],2017.536618754278,0.025412336927416682,6.024445340039614,A2/re,K,D,P,A,T,S,S,K,egg,A/Tasmania/18/2017,T,D,L,A,T,S,S,K,1,0,1,0,0,0,0,0
1976,A/Tasmania/219/2016-egg,[],[],[],2016.955509924709,0.0,5.799824755799988,A3,A,G,P,A,T,S,S,K,egg,A/Tasmania/219/2016,T,D,L,A,T,S,S,K,1,1,1,0,0,0,0,0
1985,A/Texas/50/2012-egg,"[u'G186V', u'S219F', u'I226N']",[],[],2012.2874743326488,4.118256700171753e-09,3.1790131424431056,3c,K,G,L,A,T,V,F,K,egg,A/Texas/50/2012,K,G,L,A,T,S,S,K,0,0,0,0,0,1,1,0
1987,A/Texas/6/2014-egg,"[u'G186V', u'S219Y']",[],[],2014.0109514031485,1.7564125685581264e-09,4.147533993343611,3c3,K,G,L,A,T,V,Y,K,egg,A/Texas/6/2014,K,G,L,A,T,S,S,K,0,0,0,0,0,1,1,0
2008,A/Thessaloniki/62/2018-egg,[],[],[],2018.043805612594,0.0,6.854624406278211,A2/re,T,D,L,A,T,S,S,K,egg,A/Thessaloniki/62/2018,T,D,L,A,T,S,S,K,0,0,0,0,0,0,0,0
2083,A/Vermont/28/2012-egg,"[u'N144S', u'L194P']",[],[],2012.9281314168377,0.3298653547279976,5.099961603083728,3c,K,G,P,A,T,S,S,K,egg,A/Vermont/28/2012,K,G,L,A,T,S,S,K,0,0,1,0,0,0,0,0
2085,A/Victoria/1000/2015-egg,"[u'H156Q', u'G186V']",[],[],2015.457221081451,5.4872019911959714e-09,5.199950049181386,3c3,K,G,L,A,T,V,S,Q,egg,A/Victoria/1000/2015,K,G,L,A,T,S,S,K,0,0,0,0,0,1,0,1
2092,A/Victoria/208/2009-egg,[],[],[],2009.416153319644,0.0,0.3490912289955394,unassigned,K,G,L,A,T,S,S,K,egg,A/Victoria/208/2009,K,G,L,A,T,S,S,K,0,0,0,0,0,0,0,0
2094,A/Victoria/209/2009-egg,[],[],[],2009.416153319644,0.0,2.47155393601259,unassigned,K,G,L,A,T,S,S,K,egg,A/Victoria/209/2009,K,G,L,A,T,S,S,K,0,0,0,0,0,0,0,0
2102,A/Victoria/265/2014-egg,[],[],[],2014.6078028747434,0.0,5.715422098900166,3c2.A,K,D,P,A,T,S,S,K,egg,A/Victoria/265/2014,T,D,L,A,T,S,S,K,1,0,1,0,0,0,0,0
2104,A/Victoria/361/2011-egg,"[u'H156R', u'G186V']",[],[],2011.8104038329911,0.8153198457580554,2.9018498518987275,3c,K,G,L,A,T,V,S,R,egg,A/Victoria/361/2011,K,G,L,A,T,S,S,K,0,0,0,0,0,1,0,1
2108,A/Victoria/503/2014-egg,"[u'G186V', u'F193S']",[],[],2014.3394934976043,0.2424481227489015,5.33678836332155,3c3.B,K,G,L,A,T,V,S,K,egg,A/Victoria/503/2014,K,G,L,A,T,S,S,K,0,0,0,0,0,1,0,0
2109,A/Victoria/503/2015-egg,"[u'T160A', u'L194P', u'D225G']",[u'D158N'],[],2015.2436687200548,0.10981491271963009,5.7998246746923785,3c2.A,A,G,P,A,T,S,S,K,egg,A/Victoria/503/2015,T,D,L,A,T,S,S,K,1,1,1,0,0,0,0,0
2112,A/Victoria/505/2013-egg,"[u'G186V', u'S219F']",[],[],2013.457221081451,9.174076096049796e-10,4.147533983816367,3c3,K,G,L,A,T,V,F,K,egg,A/Victoria/505/2013,K,G,L,A,T,S,S,K,0,0,0,0,0,1,1,0
2113,A/Victoria/506/2013-egg,"[u'A138S', u'L194P']",[],[],2013.454483230664,0.025412341039026762,4.491845293689459,3c2,K,G,P,S,T,S,S,K,egg,A/Victoria/506/2013,K,G,L,A,T,S,S,K,0,0,1,1,0,0,0,0
2115,A/Victoria/5060/2014-egg,"[u'A138S', u'L194P']",[],[],2014.7145790554414,0.025412341039026762,5.71542210325976,3c2.A,K,D,P,S,T,S,S,K,egg,A/Victoria/5060/2014,T,D,L,A,T,S,S,K,1,0,1,1,0,0,0,0
2118,A/Victoria/527/2012-egg,"[u'N171D', u'G186V']",[],[],2012.457221081451,2.666813649238304e-10,2.0865299929503953,3c,K,G,L,A,T,V,S,K,egg,A/Victoria/527/2012,K,G,L,A,T,S,S,K,0,0,0,0,0,1,0,0
2122,A/Victoria/563/2010-egg,"[u'G186V', u'S219Y']",[],[],2010.6521819734382,1.7564125685581264e-09,0.8520842304824693,unassigned,K,G,L,A,T,V,Y,K,egg,A/Victoria/563/2010,K,G,L,A,T,S,S,K,0,0,0,0,0,1,1,0
2126,A/Victoria/653/2017-egg,"[u'T160K', u'L194P', u'T203I']",[],[],2017.6050650239563,0.02541233872654845,6.905803153476902,A1b/135K,K,D,P,A,I,S,S,K,egg,A/Victoria/653/2017,T,D,L,A,T,S,S,K,1,0,1,0,1,0,0,0
2128,A/Victoria/673/2014-egg,[u'N96S'],[],[],2014.6817248459959,1.5034751324576486e-09,5.715422100403641,3c2.A,K,D,P,A,T,S,S,K,egg,A/Victoria/673/2014,T,D,L,A,T,S,S,K,1,0,1,0,0,0,0,0
2132,A/Victoria/746/2017-egg,"[u'T160K', u'L194P', u'T203I']",[],[],2017.6872005475702,0.02541233872654845,6.722542764278304,A4,K,D,P,A,I,S,S,K,egg,A/Victoria/746/2017,T,D,L,A,T,S,S,K,1,0,1,0,1,0,0,0
2135,A/Victoria/8/2010-egg,[u'L194P'],[],[],2010.6050650239563,0.02541233667943203,1.0425413957690326,unassigned,K,G,P,A,T,S,S,K,egg,A/Victoria/8/2010,K,G,L,A,T,S,S,K,0,0,1,0,0,0,0,0
2166,A/Virginia/5/2012-egg,[u'L194P'],[],[],2012.1286789869953,0.02541233667943203,2.3165264334436495,3b,K,G,P,A,T,S,S,K,egg,A/Virginia/5/2012,K,G,L,A,T,S,S,K,0,0,1,0,0,0,0,0
2181,A/Washington/16/2017-egg,"[u'T160K', u'L194P']",[],[],2017.065708418891,0.025412336927416682,6.024445340039614,A2,K,D,P,A,T,S,S,K,egg,A/Washington/16/2017,T,D,L,A,T,S,S,K,1,0,1,0,0,0,0,0
2183,A/Washington/18/2013-egg,[u'L194P'],[],[],2013.908966461328,0.02541233667943203,4.172946322292886,3c3,K,G,P,A,T,S,S,K,egg,A/Washington/18/2013,K,G,L,A,T,S,S,K,0,0,1,0,0,0,0,0
2192,A/Wisconsin/15/2009-egg,[],[],[],2009.4298425735797,0.0,1.1342590129095624,unassigned,K,G,P,A,T,S,S,K,egg,A/Wisconsin/15/2009,K,G,L,A,T,S,S,K,0,0,1,0,0,0,0,0
2194,A/Wisconsin/19/2017-egg,[],[],[],2017.060232717317,0.0,6.024445341838746,A2,K,D,P,A,I,S,S,K,egg,A/Wisconsin/19/2017,T,D,L,A,T,S,S,K,1,0,1,0,1,0,0,0
2198,A/Wisconsin/4/2018-egg,[],[],[],2018.002737850787,0.0,6.104605773729332,A2/re,K,D,P,A,T,S,S,K,egg,A/Wisconsin/4/2018,T,D,L,A,T,S,S,K,1,0,1,0,0,0,0,0
2201,A/Wyoming/5/2013-egg,"[u'G186V', u'S219Y', u'M268I']",[u'D160N'],[],2013.8131416837782,0.5220942636329154,4.669628246531875,3c3,K,G,L,A,T,V,Y,K,egg,A/Wyoming/5/2013,K,G,L,A,T,S,S,K,0,0,0,0,0,1,1,0
